ASIN,Current_Price,Day_1,Day_2,Day_3,Day_4,Day_5,Day_6,Day_7,Day_8,Day_9,Day_10,Day_11,Day_12,Day_13,Day_14,Recommendation
B00001R3W3,18.98,19.63,20.28,20.93,21.58,22.23,22.88,23.54,26.57,26.57,26.57,26.57,26.57,26.57,26.57,BUY
B00004WLJ6,5.89,6.09,6.29,6.5,6.7,6.9,7.1,7.3,8.25,8.25,8.25,8.25,8.25,8.25,8.25,BUY
B0000511U7,97.88,95.92,96.90,92.99,90.05,91.03,87.11,83.20,84.18,80.26,76.35,77.33,74.39,72.43,73.41,WAIT
B0000BYBVT,9.98,10.32,10.66,11.01,11.35,11.69,12.03,12.38,13.97,13.97,13.97,13.97,13.97,13.97,13.97,BUY
B000AJIF4E,113.0,110.74,111.87,107.35,103.96,105.09,100.57,96.05,97.18,92.66,88.14,89.27,85.88,83.62,84.75,WAIT
B000E8SWQM,17.63,18.23,18.84,19.44,20.05,20.65,21.26,21.86,24.68,24.68,24.68,24.68,24.68,24.68,24.68,BUY
B000J1FABY,29.97,29.49,29.01,28.52,28.04,27.56,27.08,26.6,20.89,21.83,22.77,23.72,24.66,25.61,26.55,WAIT
B000JE9LD4,44.99,45.75,46.51,47.27,48.03,48.79,49.55,50.31,61.03,59.08,57.12,55.17,53.21,51.26,49.3,BUY
B000JJI6XA,17.95,17.59,17.77,17.05,16.51,16.69,15.98,15.26,15.44,14.72,14.00,14.18,13.64,13.28,13.46,WAIT
B00176T9OY,48.14,49.79,51.44,53.09,54.74,56.39,58.04,59.69,67.4,67.4,67.4,67.4,67.4,67.4,67.4,BUY
B001E1Y5O6,8.96,9.27,9.57,9.88,10.19,10.5,10.8,11.11,12.54,12.54,12.54,12.54,12.54,12.54,12.54,BUY
B001EVGIYG,24.99,24.49,24.74,23.74,22.99,23.24,22.24,21.24,21.49,20.49,19.49,19.74,18.99,18.49,18.74,WAIT
B002HZHUCW,42.99,42.31,41.64,40.96,40.28,39.6,38.93,38.25,35.09,35.09,35.09,35.09,35.09,35.09,35.09,WAIT
B002NU5O9C,25.99,26.88,27.77,28.66,29.55,30.45,31.34,32.23,36.39,36.39,36.39,36.39,36.39,36.39,36.39,BUY
B002QPZXH2,21.99,22.74,23.5,24.25,25.01,25.76,26.51,27.27,30.79,30.79,30.79,30.79,30.79,30.79,30.79,BUY
B00378KMFU,279.0,273.42,276.21,265.05,256.68,259.47,248.31,237.15,239.94,228.78,217.62,220.41,212.04,206.46,209.25,WAIT
B003L1717K,9.79,10.13,10.46,10.8,11.13,11.47,11.8,12.14,13.71,13.71,13.71,13.71,13.71,13.71,13.71,BUY
B0044ABZWE,32.67,32.02,32.34,31.04,30.06,30.38,29.08,27.77,28.10,26.79,25.48,25.81,24.83,24.18,24.50,WAIT
B004PO10E2,109.0,112.74,116.47,120.21,123.95,127.69,131.42,135.16,152.6,152.6,152.6,152.6,152.6,152.6,152.6,BUY
B004R4N2B4,33.26,34.4,35.54,36.68,37.82,38.96,40.1,41.24,46.56,46.56,46.56,46.56,46.56,46.56,46.56,BUY
B005VULXA0,10.39,10.75,11.1,11.46,11.81,12.17,12.53,12.88,14.55,14.55,14.55,14.55,14.55,14.55,14.55,BUY
B006LW0W5Y,8.78,9.08,9.38,9.68,9.98,10.29,10.59,10.89,12.29,12.29,12.29,12.29,12.29,12.29,12.29,BUY
B006T9ZKAQ,4.95,5.12,5.29,5.46,5.63,5.8,5.97,6.14,6.93,6.93,6.93,6.93,6.93,6.93,6.93,BUY
B0081SRIFS,25.0,25.86,26.71,27.57,28.43,29.29,30.14,31.0,35.0,35.0,35.0,35.0,35.0,35.0,35.0,BUY
B008GRTSV6,20.99,21.71,22.43,23.15,23.87,24.59,25.31,26.03,29.39,29.39,29.39,29.39,29.39,29.39,29.39,BUY
B0093162RM,76.29,74.76,75.53,72.48,70.19,70.95,67.90,64.85,65.61,62.56,59.51,60.27,57.98,56.45,57.22,WAIT
B00B1EO1Z4,29.99,31.02,32.05,33.07,34.1,35.13,36.16,37.19,41.99,41.99,41.99,41.99,41.99,41.99,41.99,BUY
B00DESZGFO,29.66,30.68,31.69,32.71,33.73,34.74,35.76,36.78,41.52,41.52,41.52,41.52,41.52,41.52,41.52,BUY
B00DOMYL24,15.99,16.54,17.09,17.63,18.18,18.73,19.28,19.83,22.39,22.39,22.39,22.39,22.39,22.39,22.39,BUY
B00ECDM78E,129.0,126.46,123.92,121.39,118.85,116.31,113.77,111.23,99.39,99.39,99.39,99.39,99.39,99.39,99.39,WAIT
B00FRODUR4,6.49,6.71,6.94,7.16,7.38,7.6,7.83,8.05,9.09,9.09,9.09,9.09,9.09,9.09,9.09,BUY
B00HH4AU1Q,44.99,44.39,43.78,43.18,42.58,41.97,41.37,40.76,29.34,31.69,34.03,36.38,38.73,41.08,43.42,BUY
B00KZP1BUI,16.99,17.57,18.16,18.74,19.32,19.9,20.49,21.07,23.79,23.79,23.79,23.79,23.79,23.79,23.79,BUY
B00L3KO5WK,5.74,5.94,6.13,6.33,6.53,6.72,6.92,7.12,8.04,8.04,8.04,8.04,8.04,8.04,8.04,BUY
B00NBC3IVW,47.84,49.48,51.12,52.76,54.4,56.04,57.68,59.32,66.98,66.98,66.98,66.98,66.98,66.98,66.98,BUY
B00NJ2M33I,14.88,15.38,15.88,16.38,16.88,17.37,17.87,18.37,20.5,20.55,20.61,20.66,20.72,20.78,20.83,BUY
B00NKYYMAW,28.47,29.45,30.42,31.4,32.37,33.35,34.33,35.3,39.86,39.86,39.86,39.86,39.86,39.86,39.86,BUY
B00NMJTEC6,41.62,41.31,40.99,40.68,40.36,40.05,39.73,39.42,37.95,37.95,37.95,37.95,37.95,37.95,37.95,WAIT
B00Q6P4CMA,9.99,10.33,10.68,11.02,11.36,11.7,12.05,12.39,13.99,13.99,13.99,13.99,13.99,13.99,13.99,BUY
B00QOOZ4DE,37.24,38.52,39.79,41.07,42.35,43.62,44.9,46.18,52.14,52.14,52.14,52.14,52.14,52.14,52.14,BUY
B00QOQU95K,21.84,22.59,23.34,24.09,24.84,25.58,26.33,27.08,30.58,30.58,30.58,30.58,30.58,30.58,30.58,BUY
B00SFSU53G,39.98,41.35,42.72,44.09,45.46,46.83,48.2,49.58,55.97,55.97,55.97,55.97,55.97,55.97,55.97,BUY
B00VBUGPW0,30.99,30.48,29.97,29.46,28.95,28.44,27.93,27.42,19.98,21.36,22.74,24.12,25.5,26.88,28.27,BUY
B01018DC96,6.69,6.92,7.15,7.38,7.61,7.84,8.07,8.3,9.37,9.37,9.37,9.37,9.37,9.37,9.37,BUY
B010OYASRG,25.99,26.88,27.77,28.66,29.55,30.45,31.34,32.23,36.39,36.39,36.39,36.39,36.39,36.39,36.39,BUY
B01156N5QI,8.63,8.93,9.22,9.52,9.81,10.11,10.41,10.7,12.08,12.08,12.08,12.08,12.08,12.08,12.08,BUY
B015PK4IAW,59.99,58.79,59.39,56.99,55.19,55.79,53.39,50.99,51.59,49.19,46.79,47.39,45.59,44.39,44.99,WAIT
B015WBVKN2,16.99,17.49,17.99,18.48,18.98,19.48,19.98,20.48,21.26,21.68,22.1,22.52,22.94,23.36,23.79,BUY
B016P0BVH4,14.99,15.5,16.01,16.53,17.04,17.55,18.06,18.58,20.98,20.98,20.97,20.97,20.97,20.96,20.96,BUY
B0170RBJ9Q,14.95,14.65,14.80,14.20,13.75,13.90,13.31,12.71,12.86,12.26,11.66,11.81,11.36,11.06,11.21,WAIT
B017JS6PD6,52.95,54.77,56.58,58.4,60.21,62.03,63.84,65.66,74.13,74.13,74.13,74.13,74.13,74.13,74.13,BUY
B019Y7VLUM,93.49,92.14,90.8,89.45,88.11,86.76,85.42,84.07,60.74,65.39,70.05,74.7,79.35,84.0,88.65,WAIT
B019Z81V3M,9.99,10.33,10.68,11.02,11.36,11.7,12.05,12.39,13.99,13.99,13.99,13.99,13.99,13.99,13.99,BUY
B01AQ6OWAG,8.49,8.33,8.16,8.0,7.84,7.68,7.51,7.35,6.59,6.59,6.59,6.59,6.59,6.59,6.59,WAIT
B01CG8N0H8,31.79,31.15,31.47,30.20,29.25,29.56,28.29,27.02,27.34,26.07,24.80,25.11,24.16,23.52,23.84,WAIT
B01D5H8JW0,7.55,7.81,8.07,8.33,8.59,8.84,9.1,9.36,10.57,10.57,10.57,10.57,10.57,10.57,10.57,BUY
B01D5H8P0G,6.76,6.91,7.06,7.21,7.36,7.51,7.65,7.8,9.26,9.05,8.84,8.64,8.43,8.22,8.02,BUY
B01FHNBKYO,39.99,41.36,42.73,44.1,45.47,46.85,48.22,49.59,55.99,55.99,55.99,55.99,55.99,55.99,55.99,BUY
B01HGM33HG,49.01,50.69,52.37,54.05,55.73,57.41,59.09,60.77,68.61,68.61,68.61,68.61,68.61,68.61,68.61,BUY
B01J4KU2UO,14.08,14.56,15.05,15.53,16.01,16.49,16.98,17.46,19.71,19.71,19.71,19.71,19.71,19.71,19.71,BUY
B01J6XXR38,46.71,47.62,48.54,49.45,50.36,51.28,52.19,53.1,57.36,57.36,57.36,57.36,57.36,57.36,57.36,BUY
B01JB7ZU5M,8.99,9.3,9.61,9.91,10.22,10.53,10.84,11.15,12.59,12.59,12.59,12.59,12.59,12.59,12.59,BUY
B01JRNIWJG,27.99,27.43,27.71,26.59,25.75,26.03,24.91,23.79,24.07,22.95,21.83,22.11,21.27,20.71,20.99,WAIT
B01KBEOL5E,25.19,26.05,26.92,27.78,28.64,29.51,30.37,31.24,35.27,35.27,35.27,35.27,35.27,35.27,35.27,BUY
B01LW8V8CD,107.48,105.33,106.41,102.11,98.88,99.96,95.66,91.36,92.43,88.13,83.83,84.91,81.68,79.54,80.61,WAIT
B01MFCFKG5,19.92,20.6,21.29,21.97,22.65,23.33,24.02,24.7,27.89,27.89,27.89,27.89,27.89,27.89,27.89,BUY
B01MT1T425,15.97,16.31,16.66,17.0,17.34,17.69,18.03,18.37,21.85,21.34,20.83,20.32,19.81,19.3,18.79,BUY
B01MTB55WH,27.89,28.85,29.8,30.76,31.71,32.67,33.63,34.58,39.05,39.05,39.05,39.05,39.05,39.05,39.05,BUY
B01N0782B3,27.9,28.85,29.81,30.76,31.71,32.67,33.62,34.58,39.05,39.05,39.04,39.03,39.02,39.02,39.01,BUY
B06XFTWCBJ,63.26,61.87,60.47,59.08,57.69,56.29,54.9,53.51,47.01,47.01,47.01,47.01,47.01,47.01,47.01,WAIT
B06XKPQ6YZ,50.24,49.24,49.74,47.73,46.22,46.72,44.71,42.70,43.21,41.20,39.19,39.69,38.18,37.18,37.68,WAIT
B06XVZ6Y4T,28.01,28.68,29.35,30.03,30.7,31.37,32.04,32.71,30.56,32.0,33.44,34.89,36.33,37.77,39.21,BUY
B06Y4FJD33,14.99,15.5,16.02,16.53,17.05,17.56,18.07,18.59,20.99,20.99,20.99,20.99,20.99,20.99,20.99,BUY
B071DGMNMX,8.99,9.26,9.52,9.79,10.05,10.32,10.58,10.85,11.29,11.51,11.72,11.94,12.15,12.37,12.59,BUY
B071J1BPHW,63.95,62.46,60.96,59.47,57.98,56.49,54.99,53.5,46.53,46.53,46.53,46.53,46.53,46.53,46.53,WAIT
B071S84ZW7,199.99,196.66,193.34,190.01,186.68,183.36,180.03,176.71,161.18,161.18,161.18,161.18,161.18,161.18,161.18,WAIT
B072LNKHBB,6.99,7.23,7.47,7.71,7.95,8.19,8.43,8.67,9.79,9.79,9.79,9.79,9.79,9.79,9.79,BUY
B072WC1MXT,14.58,15.08,15.58,16.08,16.58,17.08,17.58,18.08,20.41,20.41,20.41,20.41,20.41,20.41,20.41,BUY
B0732MD43P,15.89,16.43,16.98,17.52,18.07,18.61,19.16,19.7,22.25,22.25,22.25,22.25,22.25,22.25,22.25,BUY
B0734S1YBS,19.99,20.68,21.36,22.05,22.73,23.42,24.1,24.79,27.99,27.99,27.99,27.99,27.99,27.99,27.99,BUY
B073QNVQK5,23.17,23.96,24.76,25.55,26.35,27.14,27.94,28.73,32.44,32.44,32.44,32.44,32.44,32.44,32.44,BUY
B073QX1ZMS,114.99,112.69,113.84,109.24,105.79,106.94,102.34,97.74,98.89,94.29,89.69,90.84,87.39,85.09,86.24,WAIT
B07431YDWM,7.99,8.26,8.54,8.81,9.09,9.36,9.63,9.91,11.19,11.19,11.19,11.19,11.19,11.19,11.19,BUY
B074CFGG8G,9.95,10.29,10.63,10.97,11.31,11.66,12.0,12.34,13.93,13.93,13.93,13.93,13.93,13.93,13.93,BUY
B0758CVS43,62.4,64.54,66.68,68.82,70.96,73.1,75.24,77.38,87.36,87.36,87.36,87.36,87.36,87.36,87.36,BUY
B075F6TB7F,6.99,7.23,7.47,7.71,7.95,8.19,8.43,8.67,9.79,9.79,9.79,9.79,9.79,9.79,9.79,BUY
B075LT8YLR,16.99,17.57,18.16,18.74,19.32,19.9,20.49,21.07,23.79,23.79,23.79,23.79,23.79,23.79,23.79,BUY
B0787W458R,20.69,20.28,20.48,19.66,19.03,19.24,18.41,17.59,17.79,16.97,16.14,16.35,15.72,15.31,15.52,WAIT
B0787WGCXT,179.99,175.33,170.67,166.01,161.35,156.68,152.02,147.36,132.6,130.69,128.79,126.88,124.97,123.07,121.16,WAIT
B07889DGLD,19.47,20.14,20.81,21.47,22.14,22.81,23.48,24.14,27.26,27.26,27.26,27.26,27.26,27.26,27.26,BUY
B078MBL6KM,21.98,22.73,23.49,24.24,24.99,25.75,26.5,27.26,30.77,30.77,30.77,30.77,30.77,30.77,30.77,BUY
B078XR8C15,24.64,24.15,24.39,23.41,22.67,22.92,21.93,20.94,21.19,20.20,19.22,19.47,18.73,18.23,18.48,WAIT
B0797LMJF5,16.94,17.52,18.1,18.68,19.26,19.84,20.42,21.01,23.72,23.72,23.72,23.72,23.72,23.72,23.72,BUY
B0797MY6JB,99.99,97.99,98.99,94.99,91.99,92.99,88.99,84.99,85.99,81.99,77.99,78.99,75.99,73.99,74.99,WAIT
B07BB5FDS2,64.99,67.22,69.45,71.67,73.9,76.13,78.36,80.59,90.99,90.99,90.99,90.99,90.99,90.99,90.99,BUY
B07BB8LSM1,9.39,9.71,10.03,10.36,10.68,11.0,11.32,11.64,13.15,13.15,13.15,13.15,13.15,13.15,13.15,BUY
B07BDQQVN2,27.29,28.23,29.16,30.1,31.03,31.97,32.9,33.84,38.21,38.21,38.21,38.21,38.21,38.21,38.21,BUY
B07C2Z21X5,579.0,567.42,573.21,550.05,532.68,538.47,515.31,492.15,497.94,474.78,451.62,457.41,440.04,428.46,434.25,WAIT
B07D8M5DML,6.92,7.16,7.39,7.63,7.87,8.11,8.34,8.58,9.69,9.69,9.69,9.69,9.69,9.69,9.69,BUY
B07FTHL5PF,15.56,16.09,16.63,17.16,17.69,18.23,18.76,19.29,21.78,21.78,21.78,21.78,21.78,21.78,21.78,BUY
B07FYXRH99,34.97,36.17,37.37,38.57,39.77,40.96,42.16,43.36,48.96,48.96,48.96,48.96,48.96,48.96,48.96,BUY
B07G95FFN3,39.97,41.03,42.1,43.16,44.22,45.28,46.35,47.41,46.73,48.27,49.8,51.34,52.88,54.42,55.96,BUY
B07H9RYVZ4,56.54,58.46,60.39,62.31,64.24,66.16,68.08,70.01,78.72,78.8,78.87,78.94,79.01,79.08,79.16,BUY
B07HB8V9LQ,31.99,33.09,34.18,35.28,36.38,37.47,38.57,39.67,44.79,44.79,44.79,44.79,44.79,44.79,44.79,BUY
B07HH1QSLB,8.65,8.87,9.1,9.32,9.54,9.77,9.99,10.21,9.91,10.28,10.64,11.01,11.38,11.74,12.11,BUY
B07HKQ6YGX,99.95,97.95,98.95,94.95,91.95,92.95,88.96,84.96,85.96,81.96,77.96,78.96,75.96,73.96,74.96,WAIT
B07J4WHNFC,10.99,11.37,11.74,12.12,12.5,12.87,13.25,13.63,15.39,15.39,15.39,15.39,15.39,15.39,15.39,BUY
B07K1L5N7H,36.65,35.92,36.28,34.82,33.72,34.08,32.62,31.15,31.52,30.05,28.59,28.95,27.85,27.12,27.49,WAIT
B07K5214NZ,18.99,19.64,20.29,20.94,21.59,22.25,22.9,23.55,26.59,26.59,26.59,26.59,26.59,26.59,26.59,BUY
B07KFDS3PT,30.43,30.88,31.32,31.77,32.22,32.66,33.11,33.56,41.11,39.62,38.13,36.64,35.14,33.65,32.16,BUY
B07KXSR99Y,77.97,76.29,74.6,72.92,71.23,69.55,67.86,66.18,49.25,51.73,54.2,56.67,59.14,61.61,64.09,WAIT
B07MTRQ6B3,87.97,90.99,94.0,97.02,100.03,103.05,106.07,109.08,123.16,123.16,123.16,123.16,123.16,123.16,123.16,BUY
B07N3WYLKZ,59.99,62.05,64.1,66.16,68.22,70.27,72.33,74.39,83.99,83.99,83.99,83.99,83.99,83.99,83.99,BUY
B07N5MG9LP,109.99,107.79,108.89,104.49,101.19,102.29,97.89,93.49,94.59,90.19,85.79,86.89,83.59,81.39,82.49,WAIT
B07NFTCZZS,113.97,111.69,112.83,108.27,104.85,105.99,101.43,96.87,98.01,93.46,88.90,90.04,86.62,84.34,85.48,WAIT
B07NWB8H5S,35.01,36.21,37.41,38.61,39.81,41.01,42.21,43.41,49.01,49.01,49.01,49.01,49.01,49.01,49.01,BUY
B07PXGQC1Q,134.62,131.93,133.27,127.89,123.85,125.20,119.81,114.43,115.77,110.39,105.00,106.35,102.31,99.62,100.97,WAIT
B07Q1GHB5X,24.95,25.81,26.66,27.52,28.37,29.23,30.08,30.94,34.93,34.93,34.93,34.93,34.93,34.93,34.93,BUY
B07Q7DM9HP,10.6,10.74,10.88,11.01,11.15,11.29,11.43,11.56,14.28,13.71,13.15,12.58,12.02,11.45,10.89,BUY
B07Q8WH9TX,37.9,39.2,40.5,41.8,43.1,44.4,45.7,47.0,53.06,53.06,53.06,53.06,53.06,53.06,53.06,BUY
B07QGXSFKQ,99.95,97.95,98.95,94.95,91.95,92.95,88.96,84.96,85.96,81.96,77.96,78.96,75.96,73.96,74.96,WAIT
B07RZXSJBM,14.82,15.33,15.84,16.34,16.85,17.36,17.87,18.38,20.75,20.75,20.75,20.75,20.75,20.75,20.75,BUY
B07SHBQY7Z,21.75,22.5,23.24,23.99,24.73,25.48,26.22,26.97,30.45,30.45,30.45,30.45,30.45,30.45,30.45,BUY
B07SHFPD8S,26.98,27.91,28.83,29.76,30.68,31.61,32.53,33.46,37.77,37.77,37.77,37.77,37.77,37.77,37.77,BUY
B07T72QG3K,38.99,38.21,38.60,37.04,35.87,36.26,34.70,33.14,33.53,31.97,30.41,30.80,29.63,28.85,29.24,WAIT
B07TCKLJ5N,19.95,20.63,21.32,22.0,22.69,23.37,24.05,24.74,27.93,27.93,27.93,27.93,27.93,27.93,27.93,BUY
B07TZJ1CMC,15.96,16.27,16.57,16.88,17.18,17.49,17.8,18.1,19.53,19.53,19.53,19.53,19.53,19.53,19.53,BUY
B07WCNYGM1,39.99,41.36,42.73,44.1,45.47,46.85,48.22,49.59,55.99,55.99,55.99,55.99,55.99,55.99,55.99,BUY
B07Y9FPW21,129.99,134.45,138.9,143.36,147.82,152.27,156.73,161.19,181.99,181.99,181.99,181.99,181.99,181.99,181.99,BUY
B07YP9FBMM,199.0,201.15,203.29,205.44,207.59,209.74,211.88,214.03,224.05,224.05,224.05,224.05,224.05,224.05,224.05,BUY
B07YVMJFB9,77.9,79.71,81.51,83.32,85.12,86.93,88.73,90.54,83.09,87.42,91.75,96.07,100.4,104.73,109.06,BUY
B07Z5DZM31,17.3,17.89,18.49,19.08,19.67,20.27,20.86,21.45,24.22,24.22,24.22,24.22,24.22,24.22,24.22,BUY
B07Z7YMQYT,29.99,31.02,32.05,33.07,34.1,35.13,36.16,37.19,41.99,41.99,41.99,41.99,41.99,41.99,41.99,BUY
B07ZYR8F2W,24.99,24.49,24.74,23.74,22.99,23.24,22.24,21.24,21.49,20.49,19.49,19.74,18.99,18.49,18.74,WAIT
B0811Q28N6,140.52,137.71,139.11,133.49,129.28,130.68,125.06,119.44,120.85,115.23,109.61,111.01,106.79,103.98,105.39,WAIT
B081CHLF46,28.88,29.87,30.86,31.85,32.84,33.83,34.82,35.81,40.43,40.43,40.43,40.43,40.43,40.43,40.43,BUY
B081HH5X61,6.99,7.23,7.47,7.71,7.95,8.19,8.43,8.67,9.79,9.79,9.79,9.79,9.79,9.79,9.79,BUY
B081QPF19F,19.99,19.59,19.79,18.99,18.39,18.59,17.79,16.99,17.19,16.39,15.59,15.79,15.19,14.79,14.99,WAIT
B0828BJGD2,258.0,252.84,255.42,245.10,237.36,239.94,229.62,219.30,221.88,211.56,201.24,203.82,196.08,190.92,193.50,WAIT
B082FJXVW6,7.99,8.26,8.54,8.81,9.09,9.36,9.63,9.91,11.19,11.19,11.19,11.19,11.19,11.19,11.19,BUY
B082KJCR7N,449.0,440.02,444.51,426.55,413.08,417.57,399.61,381.65,386.14,368.18,350.22,354.71,341.24,332.26,336.75,WAIT
B082WG5VTK,7.99,8.26,8.54,8.81,9.09,9.36,9.63,9.91,11.19,11.19,11.19,11.19,11.19,11.19,11.19,BUY
B083BT3VXZ,20.99,20.57,20.78,19.94,19.31,19.52,18.68,17.84,18.05,17.21,16.37,16.58,15.95,15.53,15.74,WAIT
B083JKSSR5,24.99,25.57,26.15,26.72,27.3,27.88,28.46,29.04,34.29,33.59,32.9,32.2,31.5,30.8,30.11,BUY
B083M8DP6X,382.67,375.02,378.84,363.54,352.06,355.88,340.58,325.27,329.10,313.79,298.48,302.31,290.83,283.18,287.00,WAIT
B0846VRJV8,161.49,158.26,159.88,153.42,148.57,150.19,143.73,137.27,138.88,132.42,125.96,127.58,122.73,119.50,121.12,WAIT
B084S7BP3Z,92.77,90.91,91.84,88.13,85.35,86.28,82.57,78.85,79.78,76.07,72.36,73.29,70.51,68.65,69.58,WAIT
B084SDXVBD,15.99,15.67,15.34,15.02,14.69,14.37,14.05,13.72,12.21,12.21,12.21,12.21,12.21,12.21,12.21,WAIT
B084TDB4HK,36.99,38.01,39.03,40.04,41.06,42.08,43.1,44.12,44.28,45.53,46.78,48.03,49.28,50.53,51.79,BUY
B0863FR3S9,348.0,341.04,344.52,330.60,320.16,323.64,309.72,295.80,299.28,285.36,271.44,274.92,264.48,257.52,261.00,WAIT
B086WTSMQH,197.59,193.64,195.61,187.71,181.78,183.76,175.86,167.95,169.93,162.02,154.12,156.10,150.17,146.22,148.19,WAIT
B087KG4C1H,6.29,6.51,6.72,6.94,7.15,7.37,7.58,7.8,8.81,8.81,8.81,8.81,8.81,8.81,8.81,BUY
B088D8JG3L,119.07,116.69,117.88,113.12,109.54,110.74,105.97,101.21,102.40,97.64,92.87,94.07,90.49,88.11,89.30,WAIT
B088F7SY6S,139.99,142.39,144.8,147.2,149.6,152.01,154.41,156.81,168.03,168.03,168.03,168.03,168.03,168.03,168.03,BUY
B088KRPCQJ,279.0,273.42,276.21,265.05,256.68,259.47,248.31,237.15,239.94,228.78,217.62,220.41,212.04,206.46,209.25,WAIT
B088Z22VYF,13.49,13.95,14.42,14.88,15.34,15.8,16.27,16.73,18.89,18.89,18.89,18.89,18.89,18.89,18.89,BUY
B08B6FMPTP,99.95,97.95,98.95,94.95,91.95,92.95,88.96,84.96,85.96,81.96,77.96,78.96,75.96,73.96,74.96,WAIT
B08D1VF18M,42.79,42.31,41.82,41.34,40.85,40.37,39.88,39.4,37.13,37.13,37.13,37.13,37.13,37.13,37.13,WAIT
B08D6R7GQ7,14.51,15.01,15.5,16.0,16.5,17.0,17.49,17.99,20.31,20.31,20.31,20.31,20.31,20.31,20.31,BUY
B08G84P8ZX,8.99,9.3,9.61,9.91,10.22,10.53,10.84,11.15,12.59,12.59,12.59,12.59,12.59,12.59,12.59,BUY
B08GNHJB6X,29.99,30.59,31.19,31.78,32.38,32.98,33.58,34.17,32.77,33.91,35.06,36.2,37.35,38.49,39.64,BUY
B08HMWZBXC,55.99,57.91,59.83,61.75,63.67,65.59,67.51,69.43,78.39,78.39,78.39,78.39,78.39,78.39,78.39,BUY
B08J7QWJ91,49.99,51.7,53.42,55.13,56.85,58.56,60.27,61.99,69.99,69.99,69.99,69.99,69.99,69.99,69.99,BUY
B08KDZ2NZX,32.49,32.3,32.11,31.93,31.74,31.55,31.36,31.17,30.3,30.3,30.3,30.3,30.3,30.3,30.3,BUY
B08L6ZYW21,40.41,41.14,41.87,42.6,43.33,44.06,44.79,45.52,54.94,53.3,51.66,50.02,48.39,46.75,45.11,BUY
B08LCPKS6G,224.99,220.49,222.74,213.74,206.99,209.24,200.24,191.24,193.49,184.49,175.49,177.74,170.99,166.49,168.74,WAIT
B08LF1F981,495.99,486.07,491.03,471.19,456.31,461.27,441.43,421.59,426.55,406.71,386.87,391.83,376.95,367.03,371.99,WAIT
B08N67H3CK,9.99,10.33,10.68,11.02,11.36,11.7,12.05,12.39,13.99,13.99,13.99,13.99,13.99,13.99,13.99,BUY
B08NLCW9WY,259.95,254.75,257.35,246.95,239.15,241.75,231.36,220.96,223.56,213.16,202.76,205.36,197.56,192.36,194.96,WAIT
B08NP57YRG,33.87,34.93,35.99,37.05,38.12,39.18,40.24,41.3,44.43,44.93,45.42,45.92,46.42,46.92,47.42,BUY
B08PJ4KQ1G,64.95,63.65,64.30,61.70,59.75,60.40,57.81,55.21,55.86,53.26,50.66,51.31,49.36,48.06,48.71,WAIT
B08PZDSP2Z,519.95,509.55,514.75,493.95,478.35,483.55,462.76,441.96,447.16,426.36,405.56,410.76,395.16,384.76,389.96,WAIT
B08QMG7Z4R,14.18,14.67,15.15,15.64,16.12,16.61,17.1,17.58,19.85,19.85,19.85,19.85,19.85,19.85,19.85,BUY
B08VM9JN7H,159.97,156.77,158.37,151.97,147.17,148.77,142.37,135.97,137.57,131.18,124.78,126.38,121.58,118.38,119.98,WAIT
B08W5BN4FK,29.99,31.02,32.05,33.07,34.1,35.13,36.16,37.19,41.99,41.99,41.99,41.99,41.99,41.99,41.99,BUY
B08WJ26WP6,77.97,76.41,77.19,74.07,71.73,72.51,69.39,66.27,67.05,63.94,60.82,61.60,59.26,57.70,58.48,WAIT
B08WM3LMJF,49.95,48.95,49.45,47.45,45.95,46.45,44.46,42.46,42.96,40.96,38.96,39.46,37.96,36.96,37.46,WAIT
B08YDW8HKX,20.0,20.66,21.31,21.97,22.63,23.29,23.94,24.6,27.93,27.86,27.79,27.72,27.65,27.58,27.5,BUY
B0916TKFF2,29.99,29.99,29.99,29.98,29.98,29.98,29.98,29.98,29.97,29.97,29.97,29.97,29.97,29.97,29.97,BUY
B091BD6KJR,8.99,9.3,9.61,9.91,10.22,10.53,10.84,11.15,12.59,12.59,12.59,12.59,12.59,12.59,12.59,BUY
B092J8LPWR,14.01,14.49,14.97,15.45,15.93,16.41,16.89,17.37,19.61,19.61,19.61,19.61,19.61,19.61,19.61,BUY
B092RCLKHN,169.0,165.62,167.31,160.55,155.48,157.17,150.41,143.65,145.34,138.58,131.82,133.51,128.44,125.06,126.75,WAIT
B09478CKG2,27.97,28.71,29.46,30.2,30.94,31.69,32.43,33.18,32.7,33.78,34.85,35.93,37.01,38.08,39.16,BUY
B096SRYXMP,149.95,146.95,148.45,142.45,137.95,139.45,133.46,127.46,128.96,122.96,116.96,118.46,113.96,110.96,112.46,WAIT
B09B27J11J,15.29,15.48,15.68,15.87,16.07,16.26,16.46,16.65,17.56,17.56,17.56,17.56,17.56,17.56,17.56,BUY
B09BF64J55,24.59,24.37,24.16,23.94,23.72,23.51,23.29,23.07,21.42,21.6,21.77,21.95,22.12,22.29,22.47,BUY
B09BKCDXZC,35.98,37.21,38.45,39.68,40.91,42.15,43.38,44.62,50.37,50.37,50.37,50.37,50.37,50.37,50.37,BUY
B09CY995KT,22.2,22.96,23.72,24.48,25.24,26.01,26.77,27.53,31.08,31.08,31.08,31.08,31.08,31.08,31.08,BUY
B09D5PW315,219.99,215.59,217.79,208.99,202.39,204.59,195.79,186.99,189.19,180.39,171.59,173.79,167.19,162.79,164.99,WAIT
B09FP4H99P,68.99,71.36,73.72,76.09,78.45,80.82,83.18,85.55,96.59,96.59,96.59,96.59,96.59,96.59,96.59,BUY
B09FT58QQP,19.99,20.68,21.36,22.05,22.73,23.42,24.1,24.79,27.99,27.99,27.99,27.99,27.99,27.99,27.99,BUY
B09G9FPHY6,329.0,322.42,325.71,312.55,302.68,305.97,292.81,279.65,282.94,269.78,256.62,259.91,250.04,243.46,246.75,WAIT
B09GJZKQ3K,109.95,107.75,108.85,104.45,101.15,102.25,97.86,93.46,94.56,90.16,85.76,86.86,83.56,81.36,82.46,WAIT
B09HC5GRKY,89.0,87.22,88.11,84.55,81.88,82.77,79.21,75.65,76.54,72.98,69.42,70.31,67.64,65.86,66.75,WAIT
B09JL41N9C,169.95,166.55,168.25,161.45,156.35,158.05,151.26,144.46,146.16,139.36,132.56,134.26,129.16,125.76,127.46,WAIT
B09JWQH8XG,22.46,22.88,23.29,23.71,24.13,24.54,24.96,25.38,30.56,29.68,28.79,27.91,27.03,26.14,25.26,BUY
B09L951YB4,9.99,10.33,10.68,11.02,11.36,11.7,12.05,12.39,13.99,13.99,13.99,13.99,13.99,13.99,13.99,BUY
B09LYF2ST7,39.41,40.76,42.11,43.46,44.81,46.17,47.52,48.87,55.17,55.17,55.17,55.17,55.17,55.17,55.17,BUY
B09M94KXPN,169.0,165.62,167.31,160.55,155.48,157.17,150.41,143.65,145.34,138.58,131.82,133.51,128.44,125.06,126.75,WAIT
B09MFCKZX7,47.84,49.48,51.12,52.76,54.4,56.04,57.68,59.32,66.98,66.98,66.98,66.98,66.98,66.98,66.98,BUY
B09NBVS84T,99.99,103.42,106.85,110.27,113.7,117.13,120.56,123.99,139.99,139.99,139.99,139.99,139.99,139.99,139.99,BUY
B09PSKG7C3,299.99,293.99,296.99,284.99,275.99,278.99,266.99,254.99,257.99,245.99,233.99,236.99,227.99,221.99,224.99,WAIT
B09QGR8FM7,18.97,19.62,20.27,20.92,21.57,22.22,22.87,23.52,26.56,26.56,26.56,26.56,26.56,26.56,26.56,BUY
B09QT1Y48G,7.3,7.55,7.8,8.05,8.3,8.55,8.8,9.05,10.22,10.22,10.22,10.22,10.22,10.22,10.22,BUY
B09SG2Q23M,31.15,32.22,33.29,34.35,35.42,36.49,37.56,38.63,43.61,43.61,43.61,43.61,43.61,43.61,43.61,BUY
B09V9P5Q6W,99.95,97.95,98.95,94.95,91.95,92.95,88.96,84.96,85.96,81.96,77.96,78.96,75.96,73.96,74.96,WAIT
B09VM2TBZF,28.49,27.92,28.21,27.07,26.21,26.50,25.36,24.22,24.50,23.36,22.22,22.51,21.65,21.08,21.37,WAIT
B09VMJM5RD,10.68,11.05,11.41,11.78,12.14,12.51,12.88,13.24,14.95,14.95,14.95,14.95,14.95,14.95,14.95,BUY
B09XS7JWHH,298.0,292.04,295.02,283.10,274.16,277.14,265.22,253.30,256.28,244.36,232.44,235.42,226.48,220.52,223.50,WAIT
B09YDS8BHK,299.95,291.83,283.72,275.6,267.49,259.37,251.26,243.14,185.39,190.81,196.23,201.66,207.08,212.5,217.92,WAIT
B09YLFHFDW,28.0,28.96,29.92,30.88,31.84,32.8,33.76,34.72,39.2,39.2,39.2,39.2,39.2,39.2,39.2,BUY
B09Z6Q2MLC,11.69,12.09,12.49,12.89,13.29,13.69,14.09,14.5,16.37,16.37,16.37,16.37,16.37,16.37,16.37,BUY
B09ZRN1N3Z,139.99,136.15,132.31,128.47,124.63,120.79,116.95,113.11,95.19,95.19,95.19,95.19,95.19,95.19,95.19,WAIT
B09ZVJR768,17.99,18.61,19.22,19.84,20.46,21.07,21.69,22.31,25.19,25.19,25.19,25.19,25.19,25.19,25.19,BUY
B09ZWG648V,19.55,19.16,19.35,18.57,17.99,18.18,17.40,16.62,16.81,16.03,15.25,15.44,14.66,13.88,14.08,WAIT
B0B18TST2R,59.99,62.05,64.1,66.16,68.22,70.27,72.33,74.39,83.99,83.99,83.99,83.99,83.99,83.99,83.99,BUY
B0B1J7N2F2,7.99,8.26,8.54,8.81,9.09,9.36,9.63,9.91,11.19,11.19,11.19,11.19,11.19,11.19,11.19,BUY
B0B1LVC5VZ,59.0,57.82,58.41,56.05,54.28,54.87,52.51,50.15,50.74,48.38,46.02,46.61,44.25,41.89,42.48,WAIT
B0B1MGSLLW,94.99,95.31,95.63,95.95,96.28,96.6,96.92,97.24,98.74,98.74,98.74,98.74,98.74,98.74,98.74,BUY
B0B2J7WSDK,96.71,94.78,95.74,91.87,88.97,89.94,86.07,82.20,83.17,79.30,75.43,76.40,72.53,68.66,69.63,WAIT
B0B3MNRDGL,89.99,88.19,89.09,85.49,82.79,83.69,80.09,76.49,77.39,73.79,70.19,71.09,67.49,63.89,64.79,WAIT
B0B4MV1TGL,199.95,195.95,197.95,189.95,183.95,185.95,177.96,169.96,171.96,163.96,155.96,157.96,149.96,141.96,143.96,WAIT
B0B4MWCFV4,149.95,146.71,143.47,140.23,136.99,133.75,130.51,127.27,94.72,99.48,104.23,108.99,113.74,118.5,123.25,WAIT
B0B4VXHBNP,42.15,43.6,45.04,46.49,47.93,49.38,50.82,52.27,59.01,59.01,59.01,59.01,59.01,59.01,59.01,BUY
B0B5MC3G1Y,37.85,39.15,40.45,41.74,43.04,44.34,45.64,46.93,52.99,52.99,52.99,52.99,52.99,52.99,52.99,BUY
B0B8PDHRWY,119.95,124.06,128.18,132.29,136.4,140.51,144.63,148.74,167.93,167.93,167.93,167.93,167.93,167.93,167.93,BUY
B0BCH5H2R3,22.98,23.77,24.56,25.34,26.13,26.92,27.71,28.5,32.17,32.17,32.17,32.17,32.17,32.17,32.17,BUY
B0BF6T86WD,179.0,175.42,177.21,170.05,164.68,166.47,159.31,152.15,153.94,146.78,139.62,141.41,134.25,127.09,128.88,WAIT
B0BGM5XPQZ,119.99,117.59,118.79,113.99,110.39,111.59,106.79,101.99,103.19,98.39,93.59,94.79,89.99,85.19,86.39,WAIT
B0BJDY6D1W,126.65,124.12,125.38,120.32,116.52,117.78,112.72,107.65,108.92,103.85,98.79,100.05,94.99,89.92,91.19,WAIT
B0BQPNMXQV,29.94,29.33,28.72,28.1,27.49,26.88,26.27,25.65,22.79,22.79,22.79,22.79,22.79,22.79,22.79,WAIT
B0BQPRV3NJ,99.95,97.95,98.95,94.95,91.95,92.95,88.96,84.96,85.96,81.96,77.96,78.96,74.96,70.96,71.96,WAIT
B0BQPSX5CR,349.0,342.02,345.51,331.55,321.08,324.57,310.61,296.65,300.14,286.18,272.22,275.71,261.75,247.79,251.28,WAIT
B0BQPZ7DMV,29.94,30.97,31.99,33.02,34.05,35.07,36.1,37.13,41.92,41.92,41.92,41.92,41.92,41.92,41.92,BUY
B0BQZBMXD4,29.74,29.15,29.44,28.25,27.36,27.66,26.47,25.28,25.58,24.39,23.20,23.49,22.31,21.12,21.41,WAIT
B0BRTSY1N9,44.35,43.96,43.57,43.18,42.79,42.4,42.01,41.62,39.8,39.8,39.8,39.8,39.8,39.8,39.8,WAIT
B0BS1PRC4L,42.95,42.09,42.52,40.80,39.51,39.94,38.23,36.51,36.94,35.22,33.50,33.93,32.21,30.50,30.92,WAIT
B0BS1QCFHX,94.95,93.05,94.00,90.20,87.35,88.30,84.51,80.71,81.66,77.86,74.06,75.01,71.21,67.41,68.36,WAIT
B0BS1T9J4Y,349.99,361.99,373.99,385.99,397.99,409.99,421.99,433.99,489.99,489.99,489.99,489.99,489.99,489.99,489.99,BUY
B0BSVQ37CB,129.96,133.87,137.78,141.69,145.6,149.5,153.41,157.32,180.58,179.21,177.84,176.48,175.11,173.74,172.37,BUY
B0BT2V6KNM,39.95,39.15,39.55,37.95,36.75,37.15,35.56,33.96,34.36,32.76,31.16,31.56,29.96,28.36,28.76,WAIT
B0BTYCRJSS,29.74,30.11,30.48,30.84,31.21,31.58,31.95,32.31,40.01,38.38,36.75,35.12,33.49,31.86,30.23,BUY
B0BVSXY216,154.93,151.83,153.38,147.18,142.54,144.08,137.89,131.69,133.24,127.04,120.85,122.39,116.20,110.00,111.55,WAIT
B0BVVMVHSY,49.99,51.7,53.42,55.13,56.85,58.56,60.27,61.99,69.99,69.99,69.99,69.99,69.99,69.99,69.99,BUY
B0BVWNK619,24.99,25.85,26.7,27.56,28.42,29.27,30.13,30.99,34.99,34.99,34.99,34.99,34.99,34.99,34.99,BUY
B0BW2LVJ4P,219.0,214.45,209.91,205.36,200.82,196.27,191.73,187.18,165.97,165.97,165.97,165.97,165.97,165.97,165.97,WAIT
B0BW43GXM2,34.99,36.19,37.39,38.59,39.79,40.99,42.19,43.39,48.99,48.99,48.99,48.99,48.99,48.99,48.99,BUY
B0BW9QKYZK,52.99,51.93,52.46,50.34,48.75,49.28,47.16,45.04,45.57,43.45,41.33,41.86,39.74,37.62,38.15,WAIT
B0BWNYBRNL,93.0,91.14,92.07,88.35,85.56,86.49,82.77,79.05,79.98,76.26,72.54,73.47,69.75,66.03,66.96,WAIT
B0BWPK91TB,130.84,128.22,129.53,124.30,120.37,121.68,116.45,111.21,112.52,107.29,102.06,103.36,98.13,92.90,94.20,WAIT
B0BX4P4MT3,89.95,88.48,87.02,85.55,84.08,82.62,81.15,79.68,72.84,72.84,72.84,72.84,72.84,72.84,72.84,WAIT
B0BYNVS3RP,154.99,151.89,153.44,147.24,142.59,144.14,137.94,131.74,133.29,127.09,120.89,122.44,116.24,110.04,111.59,WAIT
B0C1HGKNG7,59.95,58.75,59.35,56.95,55.15,55.75,53.36,50.96,51.56,49.16,46.76,47.36,44.96,42.56,43.16,WAIT
B0C1KPXPM9,209.99,205.79,207.89,199.49,193.19,195.29,186.89,178.49,180.59,172.19,163.79,165.89,157.49,149.09,151.19,WAIT
B0C1Q9QDQP,79.95,78.35,79.15,75.95,73.55,74.35,71.16,67.96,68.76,65.56,62.36,63.16,59.96,56.76,57.56,WAIT
B0C1QNRGHC,79.95,82.69,85.43,88.17,90.91,93.66,96.4,99.14,111.93,111.93,111.93,111.93,111.93,111.93,111.93,BUY
B0C1QWWZR4,79.95,78.35,79.15,75.95,73.55,74.35,71.16,67.96,68.76,65.56,62.36,63.16,59.96,56.76,57.56,WAIT
B0C29CMM4R,58.0,59.99,61.98,63.97,65.95,67.94,69.93,71.92,81.2,81.2,81.2,81.2,81.2,81.2,81.2,BUY
B0C2F5KD26,19.87,20.55,21.23,21.91,22.6,23.28,23.96,24.64,27.82,27.82,27.82,27.82,27.82,27.82,27.82,BUY
B0C2Y6WXJ7,46.98,46.04,46.51,44.63,43.22,43.69,41.81,39.93,40.40,38.52,36.64,37.11,35.24,33.36,33.83,WAIT
B0C546P8BQ,17.66,18.27,18.87,19.48,20.08,20.69,21.29,21.9,24.72,24.72,24.72,24.72,24.72,24.72,24.72,BUY
B0C6FTSYQ9,24.89,25.74,26.6,27.45,28.3,29.16,30.01,30.86,34.85,34.85,34.85,34.85,34.85,34.85,34.85,BUY
B0C6KFZC9Z,64.99,67.22,69.45,71.67,73.9,76.13,78.36,80.59,90.99,90.99,90.99,90.99,90.99,90.99,90.99,BUY
B0C6LSD69F,299.99,310.28,320.56,330.85,341.13,351.42,361.7,371.99,419.99,419.99,419.99,419.99,419.99,419.99,419.99,BUY
B0C6S6TPRH,28.99,29.98,30.98,31.97,32.97,33.96,34.95,35.95,40.59,40.59,40.59,40.59,40.59,40.59,40.59,BUY
B0C8PR4W22,199.95,195.95,197.95,189.95,183.95,185.95,177.96,169.96,171.96,163.96,155.96,157.96,149.96,141.96,143.96,WAIT
B0CCBXRYRC,20.99,21.71,22.43,23.15,23.87,24.59,25.31,26.03,29.39,29.39,29.39,29.39,29.39,29.39,29.39,BUY
B0CCYKVVRH,22.99,23.67,24.36,25.04,25.72,26.41,27.09,27.77,29.03,29.56,30.08,30.61,31.13,31.66,32.19,BUY
B0CCZ26B5V,249.0,257.54,266.07,274.61,283.15,291.69,300.22,308.76,348.6,348.6,348.6,348.6,348.6,348.6,348.6,BUY
B0CDC6H66Y,396.0,388.08,392.04,376.20,364.32,368.28,352.44,336.60,340.56,324.72,308.88,312.84,297.00,281.16,285.12,WAIT
B0CDH415QV,199.95,195.95,197.95,189.95,183.95,185.95,177.96,169.96,171.96,163.96,155.96,157.96,149.96,141.96,143.96,WAIT
B0CF2QYW8H,72.99,71.53,72.26,69.34,67.15,67.88,64.96,62.04,62.77,59.85,56.93,57.66,54.74,51.82,52.55,WAIT
B0CF74G2RL,92.71,90.86,91.78,88.07,85.29,86.22,82.51,78.80,79.73,76.02,72.31,73.24,69.53,65.82,66.75,WAIT
B0CFCQVZS6,19.99,20.47,20.95,21.42,21.9,22.38,22.86,23.34,21.77,22.81,23.85,24.88,25.92,26.95,27.99,BUY
B0CFV9XR2Q,67.92,66.56,67.24,64.52,62.49,63.17,60.45,57.73,58.41,55.69,52.98,53.66,50.94,48.22,48.90,WAIT
B0CG19FGQ5,569.0,557.62,563.31,540.55,523.48,529.17,506.41,483.65,489.34,466.58,443.82,449.51,426.75,403.99,409.68,WAIT
B0CG19QXWD,439.0,430.22,434.61,417.05,403.88,408.27,390.71,373.15,377.54,359.98,342.42,346.81,329.25,311.69,316.08,WAIT
B0CG6LMQHH,179.0,185.14,191.27,197.41,203.55,209.69,215.82,221.96,250.6,250.6,250.6,250.6,250.6,250.6,250.6,BUY
B0CG7GHYXJ,105.79,103.67,104.73,100.50,97.33,98.38,94.15,89.92,90.98,86.75,82.52,83.57,79.34,75.11,76.17,WAIT
B0CGXYM9TP,299.0,293.02,296.01,284.05,275.08,278.07,266.11,254.15,257.14,245.18,233.22,236.21,224.25,212.29,215.28,WAIT
B0CHHSFMRL,89.97,88.17,89.07,85.47,82.77,83.67,80.07,76.47,77.37,73.78,70.18,71.08,67.48,63.88,64.78,WAIT
B0CHN2D8KM,18.79,19.43,20.08,20.72,21.37,22.01,22.66,23.3,26.31,26.31,26.31,26.31,26.31,26.31,26.31,BUY
B0CJVK87Y7,169.99,175.29,180.6,185.9,191.2,196.51,201.81,207.11,222.25,224.87,227.49,230.12,232.74,235.36,237.99,BUY
B0CJYL1Q9S,55.38,57.28,59.18,61.08,62.97,64.87,66.77,68.67,77.53,77.53,77.53,77.53,77.53,77.53,77.53,BUY
B0CK3XTZ2Y,718.0,703.64,710.82,682.10,660.56,667.74,639.02,610.30,617.48,588.76,560.04,567.22,538.50,509.78,516.96,WAIT
B0CKLRY533,27.99,27.54,27.09,26.65,26.2,25.75,25.3,24.86,20.75,21.3,21.85,22.4,22.95,23.5,24.05,WAIT
B0CL3P2YHF,168.27,170.48,172.7,174.91,177.13,179.34,181.56,183.77,226.69,217.81,208.92,200.03,191.15,182.26,173.38,BUY
B0CL9RXRVX,249.99,244.99,247.49,237.49,229.99,232.49,222.49,212.49,214.99,204.99,194.99,197.49,187.49,177.49,179.99,WAIT
B0CLF2DNMV,169.99,166.59,168.29,161.49,156.39,158.09,151.29,144.49,146.19,139.39,132.59,134.29,127.49,120.69,122.39,WAIT
B0CLNBSHBY,13.11,13.56,14.01,14.46,14.91,15.36,15.81,16.26,18.35,18.35,18.35,18.35,18.35,18.35,18.35,BUY
B0CLWSGNS3,178.95,185.09,191.22,197.36,203.49,209.63,215.76,221.9,250.53,250.53,250.53,250.53,250.53,250.53,250.53,BUY
B0CMC2FZFD,179.99,176.39,178.19,170.99,165.59,167.39,160.19,152.99,154.79,147.59,140.39,142.19,134.99,127.79,129.59,WAIT
B0CNCHLR56,44.03,43.15,43.59,41.83,40.51,40.95,39.19,37.43,37.87,36.10,34.34,34.78,33.02,31.26,31.70,WAIT
B0CNXKKRPH,59.99,62.05,64.1,66.16,68.22,70.27,72.33,74.39,83.99,83.99,83.99,83.99,83.99,83.99,83.99,BUY
B0CP4CG1ZB,165.0,161.70,163.35,156.75,151.80,153.45,146.85,140.25,141.90,135.30,128.70,130.35,123.75,117.15,118.80,WAIT
B0CPHW5JQY,139.99,137.19,138.59,132.99,128.79,130.19,124.59,118.99,120.39,114.79,109.19,110.59,104.99,99.39,100.79,WAIT
B0CPNYDXQL,99.99,97.99,98.99,94.99,91.99,92.99,88.99,84.99,85.99,81.99,77.99,78.99,74.99,70.99,71.99,WAIT
B0CQ1CVW3Z,89.95,92.71,95.47,98.23,100.99,103.75,106.51,109.26,123.74,123.31,122.87,122.43,122.0,121.56,121.12,BUY
B0CQF6T2K1,9.99,10.33,10.68,11.02,11.36,11.7,12.05,12.39,13.99,13.99,13.99,13.99,13.99,13.99,13.99,BUY
B0CQXG17RL,41.98,43.42,44.86,46.3,47.74,49.18,50.62,52.06,58.77,58.77,58.77,58.77,58.77,58.77,58.77,BUY
B0CQXHLJ81,29.99,31.02,32.05,33.07,34.1,35.13,36.16,37.19,41.99,41.99,41.99,41.99,41.99,41.99,41.99,BUY
B0CRGJC5ZD,199.99,195.99,197.99,189.99,183.99,185.99,177.99,169.99,171.99,163.99,155.99,157.99,149.99,141.99,143.99,WAIT
B0CRT6HQ82,69.99,68.59,69.29,66.49,64.39,65.09,62.29,59.49,60.19,57.39,54.59,55.29,52.49,49.69,50.39,WAIT
B0CRTYZG5C,25.99,26.88,27.77,28.66,29.55,30.45,31.34,32.23,36.39,36.39,36.39,36.39,36.39,36.39,36.39,BUY
B0CSXV3GK4,34.97,34.27,34.62,33.22,32.17,32.52,31.12,29.72,30.07,28.68,27.28,27.63,26.23,24.83,25.18,WAIT
B0CT3SGHXL,199.99,206.85,213.7,220.56,227.42,234.27,241.13,247.99,279.99,279.99,279.99,279.99,279.99,279.99,279.99,BUY
B0CT6D6Q27,119.94,117.54,118.74,113.94,110.34,111.54,106.75,101.95,103.15,98.35,93.55,94.75,89.96,85.16,86.36,WAIT
B0CT9MB4WR,109.95,107.75,108.85,104.45,101.15,102.25,97.86,93.46,94.56,90.16,85.76,86.86,82.46,78.06,79.16,WAIT
B0CT9PYXGY,24.95,25.81,26.66,27.52,28.37,29.23,30.08,30.94,34.93,34.93,34.93,34.93,34.93,34.93,34.93,BUY
B0CT9XTKKM,149.95,155.09,160.23,165.37,170.51,175.66,180.8,185.94,209.93,209.93,209.93,209.93,209.93,209.93,209.93,BUY
B0CTBCDD6D,89.95,88.15,89.05,85.45,82.75,83.65,80.06,76.46,77.36,73.76,70.16,71.06,67.46,63.86,64.76,WAIT
B0CTBD4X55,29.88,30.9,31.93,32.95,33.98,35.0,36.03,37.05,41.83,41.83,41.83,41.83,41.83,41.83,41.83,BUY
B0CTBF4MKS,79.0,81.71,84.42,87.13,89.83,92.54,95.25,97.96,110.6,110.6,110.6,110.6,110.6,110.6,110.6,BUY
B0CTJR2C5X,69.99,68.59,69.29,66.49,64.39,65.09,62.29,59.49,60.19,57.39,54.59,55.29,52.49,49.69,50.39,WAIT
B0CTKVLHMW,177.99,173.8,169.6,165.41,161.21,157.02,152.82,148.63,111.56,116.33,121.1,125.87,130.64,135.41,140.18,WAIT
B0CTNWBT1Z,49.95,48.95,49.45,47.45,45.95,46.45,44.46,42.46,42.96,40.96,38.96,39.46,37.46,35.46,35.96,WAIT
B0CTP56C5R,79.95,82.69,85.43,88.17,90.91,93.66,96.4,99.14,111.93,111.93,111.93,111.93,111.93,111.93,111.93,BUY
B0CV5T2YG6,99.95,103.38,106.8,110.23,113.66,117.08,120.51,123.94,139.93,139.93,139.93,139.93,139.93,139.93,139.93,BUY
B0CVM2GJCN,69.9,68.50,69.20,66.41,64.31,65.01,62.21,59.41,60.11,57.32,54.52,55.22,52.42,49.63,50.33,WAIT
B0CWVXTK6Z,148.0,143.63,139.25,134.88,130.51,126.13,121.76,117.39,90.55,92.3,94.06,95.81,97.56,99.31,101.06,WAIT
B0CWXNS552,24.0,24.82,25.65,26.47,27.29,28.11,28.94,29.76,33.6,33.6,33.6,33.6,33.6,33.6,33.6,BUY
B0CXPR5412,116.36,120.35,124.34,128.33,132.32,136.31,140.3,144.29,162.9,162.9,162.9,162.9,162.9,162.9,162.9,BUY
B0CY6S748H,139.0,138.99,138.98,138.97,138.96,138.95,138.94,138.93,138.88,138.88,138.88,138.88,138.88,138.88,138.88,BUY
B0CZPLV566,149.95,146.95,148.45,142.45,137.95,139.45,133.46,127.46,128.96,122.96,116.96,118.46,112.46,106.46,107.96,WAIT
B0D1CPPL85,196.99,203.74,210.5,217.25,224.01,230.76,237.51,244.27,275.79,275.79,275.79,275.79,275.79,275.79,275.79,BUY
B0D1DFRKNG,399.99,413.7,427.42,441.13,454.85,468.56,482.27,495.99,559.99,559.99,559.99,559.99,559.99,559.99,559.99,BUY
B0D1JNW26R,79.99,78.39,79.19,75.99,73.59,74.39,71.19,67.99,68.79,65.59,62.39,63.19,59.99,56.79,57.59,WAIT
B0D1XD1ZV3,215.0,210.70,212.85,204.25,197.80,199.95,191.35,182.75,184.90,176.30,167.70,169.85,161.25,152.65,154.80,WAIT
B0D1XH8NJP,16.68,17.25,17.82,18.4,18.97,19.54,20.11,20.68,23.35,23.35,23.35,23.35,23.35,23.35,23.35,BUY
B0D1XKVS39,9.79,10.13,10.46,10.8,11.13,11.47,11.8,12.14,13.71,13.71,13.71,13.71,13.71,13.71,13.71,BUY
B0D1XNYKD5,16.42,16.9,17.37,17.85,18.32,18.8,19.28,19.75,20.38,20.81,21.25,21.68,22.12,22.55,22.99,BUY
B0D1YQKDNL,299.99,293.99,296.99,284.99,275.99,278.99,266.99,254.99,257.99,245.99,233.99,236.99,224.99,212.99,215.99,WAIT
B0D2FSYS5J,196.99,193.05,195.02,187.14,181.23,183.20,175.32,167.44,169.41,161.53,153.65,155.62,147.74,139.86,141.83,WAIT
B0D2PNH494,687.99,674.23,681.11,653.59,632.95,639.83,612.31,584.79,591.67,564.15,536.63,543.51,515.99,488.47,495.35,WAIT
B0D2XRXNGY,39.99,41.36,42.73,44.1,45.47,46.85,48.22,49.59,55.99,55.99,55.99,55.99,55.99,55.99,55.99,BUY
B0D3J85SX4,69.95,68.4,66.84,65.29,63.74,62.19,60.63,59.08,53.01,52.69,52.37,52.05,51.73,51.4,51.08,WAIT
B0D3WGM8X8,219.99,215.59,217.79,208.99,202.39,204.59,195.79,186.99,189.19,180.39,171.59,173.79,164.99,156.19,158.39,WAIT
B0D43WW8F2,34.98,36.18,37.38,38.58,39.78,40.98,42.18,43.38,48.97,48.97,48.97,48.97,48.97,48.97,48.97,BUY
B0D526GSYY,499.99,489.99,494.99,474.99,459.99,464.99,444.99,424.99,429.99,409.99,389.99,394.99,374.99,354.99,359.99,WAIT
B0D54JZTHY,59.99,62.05,64.1,66.16,68.22,70.27,72.33,74.39,83.99,83.99,83.99,83.99,83.99,83.99,83.99,BUY
B0D5KKV2MS,135.98,140.64,145.3,149.97,154.63,159.29,163.95,168.62,190.37,190.37,190.37,190.37,190.37,190.37,190.37,BUY
B0D6354JRF,72.22,70.78,71.50,68.61,66.44,67.16,64.28,61.39,62.11,59.22,56.33,57.05,54.16,51.28,52.00,WAIT
B0D63657GY,24.99,24.52,24.04,23.57,23.09,22.62,22.14,21.67,19.45,19.45,19.45,19.45,19.45,19.45,19.45,WAIT
B0D636SL59,44.99,46.53,48.08,49.62,51.16,52.7,54.25,55.79,62.99,62.99,62.99,62.99,62.99,62.99,62.99,BUY
B0D637HK8Q,19.99,20.68,21.36,22.05,22.73,23.42,24.1,24.79,27.99,27.99,27.99,27.99,27.99,27.99,27.99,BUY
B0D637HWC5,30.99,32.05,33.12,34.18,35.24,36.3,37.37,38.43,43.39,43.39,43.39,43.39,43.39,43.39,43.39,BUY
B0D6CKL4HV,149.99,149.95,149.91,149.87,149.83,149.79,149.76,149.72,149.53,149.53,149.53,149.53,149.53,149.53,149.53,BUY
B0D6WD2QSQ,159.0,160.93,162.86,164.79,166.72,168.64,170.57,172.5,213.79,204.99,196.18,187.37,178.57,169.76,160.95,BUY
B0D79ND3N7,169.0,166.0,163.0,160.0,157.01,154.01,151.01,148.01,142.48,140.17,137.87,135.56,133.25,130.94,128.63,WAIT
B0D7FVQ1ZB,15.98,16.53,17.08,17.62,18.17,18.72,19.27,19.82,22.37,22.37,22.37,22.37,22.37,22.37,22.37,BUY
B0D7QTSXY5,158.95,155.77,157.36,151.00,146.23,147.82,141.47,135.11,136.70,130.34,123.98,125.57,119.21,112.85,114.44,WAIT
B0D826GXQ3,99.99,97.99,98.99,94.99,91.99,92.99,88.99,84.99,85.99,81.99,77.99,78.99,74.99,70.99,71.99,WAIT
B0D83J6JJ9,59.0,57.82,58.41,56.05,54.28,54.87,52.51,50.15,50.74,48.38,46.02,46.61,44.25,41.89,42.48,WAIT
B0D8BZDPXB,179.0,175.42,177.21,170.05,164.68,166.47,159.31,152.15,153.94,146.78,139.62,141.41,134.25,127.09,128.88,WAIT
B0D8LH2VSP,159.99,165.48,170.96,176.45,181.93,187.42,192.9,198.39,223.99,223.99,223.99,223.99,223.99,223.99,223.99,BUY
B0D8WJYSF9,79.99,82.73,85.48,88.22,90.96,93.7,96.45,99.19,111.99,111.99,111.99,111.99,111.99,111.99,111.99,BUY
B0D9MK23S7,99.99,97.99,98.99,94.99,91.99,92.99,88.99,84.99,85.99,81.99,77.99,78.99,74.99,70.99,71.99,WAIT
B0D9R2KDY9,48.0,49.65,51.29,52.94,54.58,56.23,57.87,59.52,67.2,67.2,67.2,67.2,67.2,67.2,67.2,BUY
B0D9R7Q449,177.0,173.46,175.23,168.15,162.84,164.61,157.53,150.45,152.22,145.14,138.06,139.83,132.75,125.67,127.44,WAIT
B0D9WWB3WX,349.0,342.02,345.51,331.55,321.08,324.57,310.61,296.65,300.14,286.18,272.22,275.71,261.75,247.79,251.28,WAIT
B0D9YZJ3V7,240.42,244.48,248.54,252.6,256.66,260.72,264.78,268.84,287.79,287.79,287.79,287.79,287.79,287.79,287.79,BUY
B0DC17VXTL,399.99,391.99,395.99,379.99,367.99,371.99,355.99,339.99,343.99,327.99,311.99,315.99,299.99,283.99,287.99,WAIT
B0DCJRW7BB,91.2,92.63,94.07,95.5,96.93,98.36,99.8,101.23,107.92,107.92,107.92,107.92,107.92,107.92,107.92,BUY
B0DCKHXDC3,58.62,57.45,58.03,55.69,53.93,54.52,52.17,49.83,50.41,48.07,45.72,46.31,43.97,41.62,42.21,WAIT
B0DCLFYFSR,549.0,538.02,543.51,521.55,505.08,510.57,488.61,466.65,472.14,450.18,428.22,433.71,411.75,389.79,395.28,WAIT
B0DCLRRHSP,199.0,195.02,197.01,189.05,183.08,185.07,177.11,169.15,171.14,163.18,155.22,157.21,149.25,141.29,143.28,WAIT
B0DDM7PFLW,127.99,125.43,126.71,121.59,117.75,119.03,113.91,108.79,110.07,104.95,99.83,101.11,95.99,90.87,92.15,WAIT
B0DF44RTTP,76.26,74.73,75.50,72.45,70.16,70.92,67.87,64.82,65.58,62.53,59.48,60.25,57.20,54.14,54.91,WAIT
B0DGHYQ1VJ,199.0,195.02,197.01,189.05,183.08,185.07,177.11,169.15,171.14,163.18,155.22,157.21,149.25,141.29,143.28,WAIT
B0DGJ7HYG1,149.0,146.02,147.51,141.55,137.08,138.57,132.61,126.65,128.14,122.18,116.22,117.71,111.75,105.79,107.28,WAIT
B0DGWNRBZJ,298.0,293.98,289.96,285.94,281.92,277.9,273.88,269.86,194.29,209.78,225.28,240.77,256.26,271.75,287.24,WAIT
B0DH3FV295,53.99,52.91,53.45,51.29,49.67,50.21,48.05,45.89,46.43,44.27,42.11,42.65,40.49,38.33,38.87,WAIT
B0DHVH5KCB,24.99,25.85,26.7,27.56,28.42,29.27,30.13,30.99,34.99,34.99,34.99,34.99,34.99,34.99,34.99,BUY
B0DJFXWNT7,26.39,25.86,26.13,25.07,24.28,24.54,23.49,22.43,22.70,21.64,20.58,20.85,19.79,18.74,19.00,WAIT
B0DJMFS75S,103.54,101.84,100.15,98.45,96.75,95.06,93.36,91.66,66.76,71.39,76.02,80.66,85.29,89.92,94.56,BUY
B0DJV4N98X,99.99,103.42,106.85,110.27,113.7,117.13,120.56,123.99,139.99,139.99,139.99,139.99,139.99,139.99,139.99,BUY
B0DJWQ1FV1,27.97,27.41,27.69,26.57,25.73,26.01,24.89,23.77,24.05,22.94,21.82,22.10,20.98,19.86,20.14,WAIT
B0DKL298QX,468.0,458.64,463.32,444.60,430.56,435.24,416.52,397.80,402.48,383.76,365.04,369.72,351.00,332.28,336.96,WAIT
B0DM6S4FMH,139.0,143.77,148.53,153.3,158.06,162.83,167.59,172.36,194.6,194.6,194.6,194.6,194.6,194.6,194.6,BUY
B0DMHV5BG9,118.95,116.57,117.76,113.00,109.43,110.62,105.87,101.11,102.30,97.54,92.78,93.97,89.21,84.45,85.64,WAIT
B0DMYQ32SC,109.95,113.72,117.49,121.26,125.03,128.8,132.57,136.34,153.93,153.93,153.93,153.93,153.93,153.93,153.93,BUY
B0DN2ZCZX6,159.95,162.57,165.2,167.82,170.45,173.07,175.7,178.32,216.78,209.63,202.49,195.34,188.19,181.04,173.9,BUY
B0DN45YMP6,39.94,41.31,42.68,44.05,45.42,46.79,48.16,49.53,55.92,55.92,55.92,55.92,55.92,55.92,55.92,BUY
B0DNZCJ93D,49.99,51.7,53.42,55.13,56.85,58.56,60.27,61.99,69.99,69.99,69.99,69.99,69.99,69.99,69.99,BUY
B0DPGK6XQ6,16.57,17.14,17.71,18.27,18.84,19.41,19.98,20.55,23.2,23.2,23.2,23.2,23.2,23.2,23.2,BUY
B0DQ74C7CX,13.48,13.94,14.4,14.87,15.33,15.79,16.25,16.72,18.87,18.87,18.87,18.87,18.87,18.87,18.87,BUY
B0DQSJ4QHB,21.99,22.52,23.04,23.57,24.1,24.63,25.15,25.68,30.22,29.65,29.09,28.52,27.95,27.39,26.82,BUY
B0DR9LFNGX,149.99,146.99,148.49,142.49,137.99,139.49,133.49,127.49,128.99,122.99,116.99,118.49,112.49,106.49,107.99,WAIT
B0DRM949PC,44.95,44.05,44.50,42.70,41.35,41.80,40.01,38.21,38.66,36.86,35.06,35.51,33.71,31.91,32.36,WAIT
B0DS2B3P2B,229.0,236.85,244.7,252.55,260.41,268.26,276.11,283.96,320.6,320.6,320.6,320.6,320.6,320.6,320.6,BUY
B0DS2DF5S5,309.0,302.82,305.91,293.55,284.28,287.37,275.01,262.65,265.74,253.38,241.02,244.11,231.75,219.39,222.48,WAIT
B0DS2TCW9L,226.99,234.77,242.56,250.34,258.12,265.9,273.69,281.47,317.79,317.79,317.79,317.79,317.79,317.79,317.79,BUY
B0DSG9VCRH,399.99,391.99,395.99,379.99,367.99,371.99,355.99,339.99,343.99,327.99,311.99,315.99,299.99,283.99,287.99,WAIT
B0DSK2MB15,179.95,176.35,178.15,170.95,165.55,167.35,160.16,152.96,154.76,147.56,140.36,142.16,134.96,127.76,129.56,WAIT
B0DT2344N3,249.0,244.02,246.51,236.55,229.08,231.57,221.61,211.65,214.14,204.18,194.22,196.71,186.75,176.79,179.28,WAIT
B0DT3YMDMZ,104.99,108.59,112.19,115.79,119.39,122.99,126.59,130.19,146.99,146.99,146.99,146.99,146.99,146.99,146.99,BUY
B0DTTMYBRH,152.95,154.4,155.84,157.29,158.74,160.18,161.63,163.08,167.81,168.36,168.91,169.46,170.01,170.57,171.12,BUY
B0DVH6N98L,19.95,20.63,21.32,22.0,22.69,23.37,24.05,24.74,27.93,27.93,27.93,27.93,27.93,27.93,27.93,BUY
B0DVTGBCBL,89.95,88.15,89.05,85.45,82.75,83.65,80.06,76.46,77.36,73.76,70.16,71.06,67.46,63.86,64.76,WAIT
B0DVZY44YR,549.99,538.99,544.49,522.49,505.99,511.49,489.49,467.49,472.99,450.99,428.99,434.49,412.49,390.49,395.99,WAIT
B0DW97VBWL,109.95,113.72,117.49,121.26,125.03,128.8,132.57,136.34,153.93,153.93,153.93,153.93,153.93,153.93,153.93,BUY
B0DWC512JJ,79.99,82.73,85.48,88.22,90.96,93.7,96.45,99.19,111.99,111.99,111.99,111.99,111.99,111.99,111.99,BUY
B0DWCRXZF2,14.99,15.5,16.02,16.53,17.05,17.56,18.07,18.59,20.99,20.99,20.99,20.99,20.99,20.99,20.99,BUY
B0DWGS5977,94.99,93.09,94.04,90.24,87.39,88.34,84.54,80.74,81.69,77.89,74.09,75.04,71.24,67.44,68.39,WAIT
B0DWMJJQVC,1077.98,1056.42,1067.20,1024.08,991.74,1002.52,959.40,916.28,927.06,883.94,840.82,851.60,808.48,765.37,776.15,WAIT
B0DX2LNZ68,299.99,293.99,296.99,284.99,275.99,278.99,266.99,254.99,257.99,245.99,233.99,236.99,224.99,212.99,215.99,WAIT
B0DXXYS4BJ,17.99,18.61,19.22,19.84,20.46,21.07,21.69,22.31,25.19,25.19,25.19,25.19,25.19,25.19,25.19,BUY
B0DXY833HV,29.0,29.99,30.99,31.98,32.98,33.97,34.97,35.96,40.6,40.6,40.6,40.6,40.6,40.6,40.6,BUY
B0DY8BRMM5,99.0,102.39,105.79,109.18,112.58,115.97,119.37,122.76,138.6,138.6,138.6,138.6,138.6,138.6,138.6,BUY
B0DYD56G2Y,409.0,400.82,404.91,388.55,376.28,380.37,364.01,347.65,351.74,335.38,319.02,323.11,306.75,290.39,294.48,WAIT
B0DYJKTHYF,74.99,77.56,80.13,82.7,85.27,87.85,90.42,92.99,104.99,104.99,104.99,104.99,104.99,104.99,104.99,BUY
B0DYJWL6QS,7.86,8.13,8.4,8.67,8.94,9.21,9.48,9.75,11.0,11.0,11.0,11.0,11.0,11.0,11.0,BUY
B0DYR3D7QQ,136.99,141.69,146.38,151.08,155.78,160.47,165.17,169.87,191.79,191.79,191.79,191.79,191.79,191.79,191.79,BUY
B0DYVRJJY4,278.97,273.39,276.18,265.02,256.65,259.44,248.28,237.12,239.91,228.76,217.60,220.39,209.23,198.07,200.86,WAIT
B0DYWNQMQJ,549.96,538.96,544.46,522.46,505.96,511.46,489.46,467.47,472.97,450.97,428.97,434.47,412.47,390.47,395.97,WAIT
B0DZ54SVWG,77.97,76.41,77.19,74.07,71.73,72.51,69.39,66.27,67.05,63.94,60.82,61.60,58.48,55.36,56.14,WAIT
B0DZ743XN6,649.99,636.99,643.49,617.49,597.99,604.49,578.49,552.49,558.99,532.99,506.99,513.49,487.49,461.49,467.99,WAIT
B0DZ77D5HL,299.0,293.02,296.01,284.05,275.08,278.07,266.11,254.15,257.14,245.18,233.22,236.21,224.25,212.29,215.28,WAIT
B0DZL719V1,299.99,293.99,296.99,284.99,275.99,278.99,266.99,254.99,257.99,245.99,233.99,236.99,224.99,212.99,215.99,WAIT
B0F1FR8V1T,52.97,54.79,56.6,58.42,60.23,62.05,63.87,65.68,74.16,74.16,74.16,74.16,74.16,74.16,74.16,BUY
B0F1GF1KFC,279.99,274.39,277.19,265.99,257.59,260.39,249.19,237.99,240.79,229.59,218.39,221.19,209.99,198.79,201.59,WAIT
B0F1GY8F7F,99.0,102.36,105.72,109.08,112.44,115.8,119.16,122.52,138.2,138.2,138.2,138.2,138.2,138.2,138.2,BUY
B0F1K9WXH8,14.99,15.43,15.88,16.32,16.76,17.21,17.65,18.09,18.87,19.22,19.57,19.93,20.28,20.63,20.99,BUY
B0F1PQD5GW,35.0,36.2,37.4,38.6,39.8,41.0,42.2,43.4,49.0,49.0,49.0,49.0,49.0,49.0,49.0,BUY
B0F25BWMV5,34.95,36.15,37.35,38.54,39.74,40.94,42.14,43.34,48.93,48.93,48.93,48.93,48.93,48.93,48.93,BUY
B0F25C5257,19.99,20.68,21.36,22.05,22.73,23.42,24.1,24.79,27.99,27.99,27.99,27.99,27.99,27.99,27.99,BUY
B0F2KLX2T3,107.98,111.68,115.38,119.09,122.79,126.49,130.19,133.9,151.17,151.17,151.17,151.17,151.17,151.17,151.17,BUY
B0F2M65H3S,49.0,50.68,52.36,54.04,55.72,57.4,59.08,60.76,68.6,68.6,68.6,68.6,68.6,68.6,68.6,BUY
B0F38GK1QZ,299.99,293.99,296.99,284.99,275.99,278.99,266.99,254.99,257.99,245.99,233.99,236.99,224.99,212.99,215.99,WAIT
B0F3MMK1J4,69.99,68.59,69.29,66.49,64.39,65.09,62.29,59.49,60.19,57.39,54.59,55.29,52.49,49.69,50.39,WAIT
B0F3PQHWTZ,398.0,390.04,394.02,378.10,366.16,370.14,354.22,338.30,342.28,326.36,310.44,314.42,298.50,282.58,286.56,WAIT
B0F53L8J78,26.99,26.45,26.72,25.64,24.83,25.10,24.02,22.94,23.21,22.13,21.05,21.32,20.24,19.16,19.43,WAIT
B0F5QPF2YC,57.99,56.63,55.27,53.91,52.55,51.19,49.82,48.46,36.36,37.93,39.5,41.07,42.64,44.2,45.77,WAIT
B0F5RHB9MZ,79.99,82.73,85.48,88.22,90.96,93.7,96.45,99.19,111.99,111.99,111.99,111.99,111.99,111.99,111.99,BUY
B0F5VLWQY6,359.99,352.79,356.39,341.99,331.19,334.79,320.39,305.99,309.59,295.19,280.79,284.39,269.99,255.59,259.19,WAIT
B0F66MS88R,69.0,71.37,73.73,76.1,78.46,80.83,83.19,85.56,96.6,96.6,96.6,96.6,96.6,96.6,96.6,BUY
B0F6VCDJM9,119.99,117.59,118.79,113.99,110.39,111.59,106.79,101.99,103.19,98.39,93.59,94.79,89.99,85.19,86.39,WAIT
B0F7M3HPBD,299.0,306.02,313.04,320.06,327.08,334.1,341.12,348.14,380.9,380.9,380.9,380.9,380.9,380.9,380.9,BUY
B0F7NY3VLM,79.97,78.37,79.17,75.97,73.57,74.37,71.17,67.97,68.77,65.58,62.38,63.18,59.98,56.78,57.58,WAIT
B0F7S243MJ,10.92,11.29,11.67,12.04,12.42,12.79,13.17,13.54,15.29,15.29,15.29,15.29,15.29,15.29,15.29,BUY
B0F8XV7MPP,99.97,103.4,106.83,110.25,113.68,117.11,120.54,123.96,139.96,139.96,139.96,139.96,139.96,139.96,139.96,BUY
B0F8YDRXNY,109.99,107.79,108.89,104.49,101.19,102.29,97.89,93.49,94.59,90.19,85.79,86.89,83.59,78.09,79.19,WAIT
B0FC3XV5DK,91.99,90.15,91.07,87.39,84.63,85.55,81.87,78.19,79.11,75.43,71.75,72.67,68.99,65.31,66.23,WAIT
B0FC5Q65J8,34.99,36.19,37.39,38.59,39.79,40.99,42.19,43.39,48.99,48.99,48.99,48.99,48.99,48.99,48.99,BUY
B0FCFJ7W9H,2120.93,2078.51,2099.72,2014.88,1951.26,1972.46,1887.63,1802.79,1824.00,1739.16,1654.33,1675.53,1590.70,1505.86,1527.07,WAIT
B0FCLJD9M4,199.99,206.85,213.7,220.56,227.42,234.27,241.13,247.99,279.99,279.99,279.99,279.99,279.99,279.99,279.99,BUY
B0FCTHXNC5,29.99,31.02,32.05,33.07,34.1,35.13,36.16,37.19,41.99,41.99,41.99,41.99,41.99,41.99,41.99,BUY
B0FD4CM9SN,895.98,878.06,887.02,851.18,824.30,833.26,797.42,761.58,770.54,734.70,698.86,707.82,671.99,636.15,645.11,WAIT
B0FD5GJ9Y5,1145.98,1123.06,1134.52,1088.68,1054.30,1065.76,1019.92,974.08,985.54,939.70,893.86,905.32,859.49,813.65,825.11,WAIT
B0FDDJ2NWB,495.98,486.06,491.02,471.18,456.30,461.26,441.42,421.58,426.54,406.70,386.86,391.82,376.99,352.15,357.11,WAIT
B0FDDKHY1B,415.98,407.66,411.82,395.18,382.70,386.86,370.22,353.58,357.74,341.10,324.46,328.62,311.99,295.35,299.51,WAIT
B0FDKR293G,399.0,391.02,395.01,379.05,367.08,371.07,355.11,339.15,343.14,327.18,311.22,315.21,299.25,283.29,287.28,WAIT
B0FDKR4RVP,229.0,234.62,240.23,245.85,251.46,257.08,262.7,268.31,253.54,264.72,275.89,287.07,298.25,309.42,320.6,BUY
B0FDLD34V5,129.0,133.42,137.85,142.27,146.69,151.11,155.54,159.96,180.6,180.6,180.6,180.6,180.6,180.6,180.6,BUY
B0FDSLV3B9,13.99,14.47,14.95,15.43,15.91,16.39,16.87,17.35,19.59,19.59,19.59,19.59,19.59,19.59,19.59,BUY
B0FF5JJ3CP,299.99,293.99,296.99,284.99,275.99,278.99,266.99,254.99,257.99,245.99,233.99,236.99,224.99,212.99,215.99,WAIT
B0FFCKFWQX,229.99,225.39,227.69,218.49,211.59,213.89,204.69,195.49,197.79,188.59,179.39,181.69,172.49,163.29,165.59,WAIT
B0FG8XLBJ6,119.97,117.57,118.77,113.97,110.37,111.57,106.77,101.97,103.17,98.38,93.58,94.78,89.98,85.18,86.38,WAIT
B0FHL66FPY,186.99,183.25,185.12,177.64,172.03,173.90,166.42,158.94,160.81,153.33,145.85,147.72,140.24,132.76,134.63,WAIT
B0FHXY7VZ5,104.0,107.57,111.13,114.7,118.26,121.83,125.39,128.96,145.6,145.6,145.6,145.6,145.6,145.6,145.6,BUY
B0FJWQP6LX,339.99,333.19,336.59,322.99,312.79,316.19,302.59,288.99,292.39,278.79,265.19,268.59,254.99,241.39,244.79,WAIT
B0FKW2NYJ5,699.98,685.98,692.98,664.98,643.98,650.98,622.98,594.98,601.98,573.98,545.98,552.98,524.99,496.99,503.99,WAIT
B0FL9Y93H2,547.99,537.03,542.51,520.59,504.15,509.63,487.71,465.79,471.27,449.35,427.43,432.91,410.99,389.07,394.55,WAIT
B0FLL354M2,99.99,97.99,98.99,94.99,91.99,92.99,88.99,84.99,85.99,81.99,77.99,78.99,74.99,70.99,71.99,WAIT
B0FNQ4B2Z2,496.99,487.05,492.02,472.14,457.23,462.20,442.32,422.44,427.41,407.53,387.65,392.62,372.74,352.86,357.83,WAIT
B0FNWCYLZN,49.99,51.7,53.42,55.13,56.85,58.56,60.27,61.99,69.99,69.99,69.99,69.99,69.99,69.99,69.99,BUY
B0FP4SCNWD,249.99,246.04,242.09,238.15,234.2,230.25,226.3,222.36,161.55,173.11,184.67,196.23,207.79,219.34,230.9,BUY
B0FPGQZTFB,199.95,195.95,197.95,189.95,183.95,185.95,177.96,169.96,171.96,163.96,155.96,157.96,149.96,141.96,143.96,WAIT
B0FPZPF71Z,379.0,369.01,359.03,349.04,339.05,329.06,319.08,309.09,234.92,242.44,249.95,257.47,264.99,272.51,280.02,WAIT
B0FQF5BZ8Z,329.0,322.42,325.71,312.55,302.68,305.97,292.81,279.65,282.94,269.78,256.62,259.91,250.04,243.46,246.75,WAIT
B0FQFB8FMG,199.0,205.82,212.65,219.47,226.29,233.11,239.94,246.76,278.6,278.6,278.6,278.6,278.6,278.6,278.6,BUY
B0FQPJXQB3,1774.39,1738.90,1756.65,1685.67,1632.44,1650.18,1579.21,1508.23,1525.98,1454.00,1384.02,1401.77,1330.79,1259.82,1277.56,WAIT
B0FR2XRSHH,868.0,850.64,859.32,824.60,798.56,807.24,772.52,737.80,746.48,711.76,677.04,685.72,651.00,616.28,624.96,WAIT
B0FR2Z1S6L,348.0,341.62,335.24,328.87,322.49,316.11,309.73,303.35,247.95,254.94,261.94,268.93,275.92,282.91,289.91,WAIT
B0FT21HKZ6,67.97,66.61,67.29,64.57,62.53,63.21,60.49,57.77,58.45,55.74,53.02,53.70,50.98,48.26,48.94,WAIT
B0FTT4GXK4,399.99,391.99,395.99,379.99,367.99,371.99,355.99,339.99,343.99,327.99,311.99,315.99,299.99,283.99,287.99,WAIT
B0FTT4VH34,179.99,185.27,190.54,195.82,201.1,206.37,211.65,216.93,241.55,241.55,241.55,241.55,241.55,241.55,241.55,BUY
B0FV8MD221,9.99,10.33,10.68,11.02,11.36,11.7,12.05,12.39,13.99,13.99,13.99,13.99,13.99,13.99,13.99,BUY
B0FVXMHHRP,202.0,208.93,215.85,222.78,229.7,236.63,243.55,250.48,282.8,282.8,282.8,282.8,282.8,282.8,282.8,BUY
B0FW4H14LB,49.99,48.99,49.49,47.49,45.99,46.49,44.49,42.49,42.99,40.99,38.99,39.49,37.49,35.49,35.99,WAIT
B0FWCXJVHN,931.0,912.38,921.69,884.45,856.52,865.83,828.59,791.35,800.66,763.42,726.18,735.49,698.25,661.01,670.32,WAIT
B0FYHP23G9,99.0,97.65,96.31,94.96,93.61,92.27,90.92,89.57,72.83,75.68,78.54,81.39,84.24,87.1,89.95,BUY
B0G16CYYMV,27.5,28.44,29.39,30.33,31.27,32.21,33.16,34.1,38.5,38.5,38.5,38.5,38.5,38.5,38.5,BUY
B0G1PJLWLZ,249.99,244.99,247.49,237.49,229.99,232.49,222.49,212.49,214.99,204.99,194.99,197.49,187.49,177.49,179.99,WAIT
B0G31P119K,129.95,126.71,123.47,120.23,117.0,113.76,110.52,107.28,81.01,84.05,87.1,90.14,93.18,96.22,99.27,WAIT
B0G39X5N25,149.99,146.99,148.49,142.49,137.99,139.49,133.49,127.49,128.99,122.99,116.99,118.49,112.49,106.49,107.99,WAIT
B0G49SZ24N,124.99,129.28,133.56,137.85,142.13,146.42,150.7,154.99,174.99,174.99,174.99,174.99,174.99,174.99,174.99,BUY
B0G6HLWS6Q,298.0,304.33,310.67,317.0,323.34,329.67,336.01,342.34,371.91,371.91,371.91,371.91,371.91,371.91,371.91,BUY
B0GD21577Z,219.99,217.59,215.2,212.8,210.4,208.01,205.61,203.21,160.55,169.13,177.72,186.3,194.89,203.48,212.06,BUY
B0GJTXVN9Z,99.0,97.02,98.01,94.05,91.08,92.07,88.11,84.15,85.14,81.18,77.22,78.21,74.25,70.29,71.28,WAIT
B0GKFLQ9SW,99.99,97.99,98.99,94.99,91.99,92.99,88.99,84.99,85.99,81.99,77.99,78.99,74.99,70.99,71.99,WAIT
B0GLRBGV3J,25.72,26.47,27.22,27.98,28.73,29.48,30.23,30.99,32.13,32.77,33.42,34.07,34.71,35.36,36.01
B0GN4943CW,2012.99,1943.97,1874.96,1805.94,1736.92,1667.91,1598.89,1529.87,1207.79,1207.79,1207.79,1207.79,1207.79,1207.79,1207.79,WAIT
B0GPY9PKD6,349.99,337.99,325.99,313.99,301.99,289.99,277.99,265.99,209.99,209.99,209.99,209.99,209.99,209.99,209.99,WAIT
B0GQVBT32P,839.99,811.19,782.39,753.59,724.79,695.99,667.19,638.39,503.99,503.99,503.99,503.99,503.99,503.99,503.99,WAIT
B0GQVF4SV7,649.99,639.87,629.75,619.62,609.5,599.38,589.26,579.14,420.4,450.81,481.22,511.63,542.04,572.44,602.85,BUY
