asin,n_obs,mae,rmse,r2,mape
B0DQSJ4QHB,10,2.416969230651852,4.36879492557381,0.9985960020215771,1.4496075606171426
B0DM5D9VPH,2,5.401463470458985,6.107495459867816,0.9996190451198943,4.654163115863423
B09B27J11J,20,3.6817672176361085,6.1358819734050405,0.9914427117875926,4.812955680639642
B08QMG7Z4R,24,5.688949419657391,8.356619104759261,0.9965618464531736,5.350459346436371
B0GQVBT32P,20,5.719050634384157,8.481927439741257,0.9973359382733749,7.010253872172066
B0CLNBSHBY,24,4.719167796770733,8.803286064174264,0.9902515375951039,7.281617481924041
B0G6HLWS6Q,40,5.0977417144775385,10.574946507286297,0.9803785301071893,6.318791724217679
B0F1K9WXH8,20,6.777672403335572,10.618452873500287,0.9951123373562744,8.44249583899401
B00176T9OY,205,5.705405590801704,13.150991944874402,0.9903908258322915,4.693055555323181
B000E8SWQM,213,6.0803944899330675,13.614164366269412,0.9868503682236236,5.889957914274873
B004PO10E2,213,6.430824236265369,13.614295867199862,0.9933923252660251,5.052033832705988
B0000511U7,211,6.595364817307458,13.651528436732518,0.9938304406342987,5.954705069765008
B09L951YB4,10,8.882660459518434,13.69038740725475,0.9800701226873624,7.544558308155393
B000JE9LD4,213,6.693177158910903,14.28754107179235,0.9919877040136967,5.402507999285443
B00001R3W3,213,6.557962725016992,14.38782467907732,0.9891104053857537,5.658744384127477
B006LW0W5Y,213,6.172546960176996,14.816651703749454,0.9925051068756373,5.654159804664297
B0F8YDRXNY,116,7.657748150989928,14.833635700142052,0.9859178916415865,6.017298880786557
B09MFCKZX7,211,8.229202344361074,14.992540222172691,0.9907980833957628,7.149023123707493
B081HH5X61,12,10.050018107096351,15.036609388851314,0.9660643573284623,8.905183503785745
B000J1FABY,213,7.103864478796301,15.142256227259727,0.9893921700187419,5.509553853504166
B0BSVQ37CB,213,7.8814726217923585,15.890276413126282,0.9895926004689233,6.203331958635349
B0FHWKYT89,7,9.061804019383022,15.913517069962495,0.9837793789197612,5.217142431140413
B00B1EO1Z4,213,6.932176106323099,15.970117249293382,0.9895480923580288,5.976188788395772
B0BJDY6D1W,213,7.609265479862409,16.09473574809107,0.9826453972689475,6.331261861820633
B09GJZKQ3K,213,7.761673789046739,16.27864871677025,0.9895632116199625,6.041113790527013
B0CG7GHYXJ,205,7.644217501384455,16.305456785636462,0.988619869681037,6.160454979929554
B08NP57YRG,213,7.890300253209933,16.464588063188348,0.9845534737058931,7.05706271708703
B00378KMFU,211,6.017165840564746,16.493192055687423,0.9884145998795446,4.767610668647806
B09478CKG2,212,8.38192653368104,16.55869355239457,0.9896457493567303,6.3950912841771235
B008GRTSV6,213,8.117399546126244,16.60554390306314,0.9888926643442723,5.40423467852377
B001E1Y5O6,206,7.566810821329506,16.854322431957936,0.9910696809179388,5.317609463525623
B07NWB8H5S,213,8.54119060498448,16.985752618729297,0.9887086352368994,6.914931133115361
B0FV8MD221,16,9.171653327941893,17.042534320651857,0.9091373597765361,12.05819328506618
B08W5BN4FK,213,9.03245286574386,17.133222044935795,0.988031270122713,6.802587790394606
B00004WLJ6,207,7.44318106840198,17.258624863931487,0.9952338420585981,5.026598942003022
B01MTB55WH,208,7.23180902811197,17.305821002001117,0.986159968073555,5.704607913269022
B09D5PW315,206,8.923800694734146,17.37461848046041,0.992588632176524,6.578230205364549
B0B18TST2R,213,8.183288649885867,17.41473662008019,0.9850210543552472,6.261975218934909
B0CT6D6Q27,213,8.671824242139646,17.538410634714058,0.9866092108661872,6.309324680643619
B0CZPLV566,213,8.582775437529659,17.5826313196916,0.9910913332773226,7.788855045985864
B09G9FPHY6,213,7.439472269049273,17.630918833954038,0.9855939172095137,6.288463266857651
B0044ABZWE,213,6.719957250227951,17.65985723384125,0.9909276190867926,4.82498470934333
B0BS1QCFHX,212,8.715526724311541,17.689244094068968,0.9889627271346586,6.347609441524179
B017JS6PD6,213,7.976531638203654,17.763837658619224,0.9914787030226627,5.789977263203853
B0BQPZ7DMV,213,6.567220363616942,18.04929748591157,0.9901581744604194,5.054480076048801
B00QOQU95K,213,7.691672767406338,18.070908003740808,0.9887654176504128,4.811572619728571
B0F1PQD5GW,213,8.002819416780426,18.093434554466405,0.9729042025563726,7.328025175540957
B00HH4AU1Q,213,7.9534472568494055,18.26539620974485,0.9897175284966703,5.390106692019544
B09V9P5Q6W,213,8.811422190151305,18.354511623283468,0.98771236425273,5.965856088377096
B01AQ6OWAG,213,8.916609748159775,18.388192772948234,0.9891133841362255,8.356825419079257
B00L3KO5WK,213,7.84935979431224,18.44786799526121,0.9879533350365627,4.9454303883925315
B0CRTYZG5C,199,9.86809364223001,18.57670207444832,0.9824527113929993,7.612427502799278
B00DESZGFO,213,6.889815195647763,18.591721552855937,0.9835196486304154,5.487551540061143
B0B4VXHBNP,145,6.508370710438696,18.70585425990813,0.9827686883792843,5.048192127059404
B07G95FFN3,213,7.818572360114872,18.86824000060572,0.9870829606313095,6.312525413164974
B07MTRQ6B3,211,9.98132257253638,18.926749612377986,0.9848139382622348,8.478889178601518
B07T72QG3K,213,9.399479794838062,19.000781919535793,0.9887058214484837,7.026403121796116
B09CY995KT,213,9.363852396056126,19.11866591840089,0.9845277302601074,6.996605278059191
B002HZHUCW,213,8.04326724818055,19.16378785786319,0.9881372840380409,4.882805530709211
B07YVMJFB9,145,8.531230330368569,19.266075263395045,0.9892257310506453,5.63129015503714
B01J4KU2UO,212,9.937197678943852,19.632083948003736,0.9867679402004502,8.263154665836856
B004R4N2B4,206,8.06169166389021,19.70307198006125,0.9910130580462359,6.343946244918398
B00ECDM78E,213,7.730527336675795,19.840648792545938,0.9833366552566878,5.922027518482976
B00VBUGPW0,213,7.731201927650701,19.898692027971588,0.9853772931984075,5.341425902641298
B01156N5QI,213,8.992798917797248,19.899549619201032,0.9883770569440612,6.151859893855352
B09JWQH8XG,211,9.10867997707349,19.94216101493174,0.9894892825383769,6.532263946240577
B07K5214NZ,213,9.141257801055907,19.95117364134238,0.9877776751674049,6.553934057881157
B00Q6P4CMA,213,7.9205224586092795,19.95505362982252,0.9888486875482371,5.410890257563118
B015WBVKN2,213,8.577007663529804,20.072822361242775,0.9880692292693337,5.171144139991153
B01MT1T425,213,9.83678506806423,20.082565556272385,0.9897491600339137,6.683452168266885
B006T9ZKAQ,213,8.060782587024528,20.150938508648366,0.9828771268880243,6.160829340238543
B01018DC96,202,8.92197259931281,20.189668648105066,0.9887036126694445,5.6203531141163285
B0BW2LVJ4P,213,10.071433601021207,20.34608966193238,0.9820163907947984,7.049924026829866
B0GPY9PKD6,15,13.65215770848592,20.511894697891154,0.9867628914126846,10.068736155878723
B09QGR8FM7,213,10.288702602655114,20.618015923244283,0.9882386831883757,6.972163127004502
B07Q8WH9TX,213,9.926332711322765,20.6182061537568,0.9829143940507372,7.502247160568612
B07HH1QSLB,206,9.668912597952538,20.620917627717766,0.9874614745872351,6.841436044032166
B09NBVS84T,213,9.66453865176635,20.66647977162567,0.9899026331474796,6.4673180082560355
B07RZXSJBM,213,8.842268672996841,20.727101705157654,0.9914694868170135,6.3514339644351745
B0CQ1CVW3Z,213,9.514997799564416,20.74829089914248,0.9834134946687921,6.242215247725442
B00NJ2M33I,213,8.077860497756744,20.8980514015042,0.9845861826793169,4.930181137461212
B08N67H3CK,213,10.377655583323447,20.901756971322452,0.9823860256513592,7.8350437937100645
B06XFTWCBJ,212,9.679256536645708,21.05215979035714,0.9852058273419185,6.894226135238226
B08J7QWJ91,213,11.23855626845024,21.059843540421046,0.9924755959570216,8.909652226427253
B0C1QNRGHC,213,9.391718250417934,21.0916226130806,0.9879726274240074,7.4888143267242056
B06XVZ6Y4T,211,9.92488549589546,21.15555484165852,0.984836817417351,7.353108453809569
B0G39X5N25,68,8.82767616075628,21.180269871854403,0.9845868698075394,6.153082243258807
B071S84ZW7,204,9.36054666893155,21.234888300371793,0.9841034360776556,6.7637823553139835
B09ZRN1N3Z,212,10.03483799079679,21.38869152314877,0.9793247604516796,6.745085009755214
B00FRODUR4,213,7.852709585736055,21.53906955036949,0.9832623237399467,5.002802225728164
B0081SRIFS,213,8.100893039524275,21.724738074021758,0.9855826581221397,5.639844332645797
B0C6FTSYQ9,213,10.029367706316735,21.79553501665941,0.9845200276235,7.0862957436010525
B0FW4H14LB,100,10.45697891597748,21.806653595952085,0.9834385340955286,6.854355610830313
B019Z81V3M,213,8.608213854955396,21.8701322759079,0.9824697425679942,6.358751822086874
B0F5QPF2YC,213,9.260633270729317,21.96448217579531,0.9718667830526777,6.220135642553213
B096SRYXMP,213,11.301570264252137,22.004150742244082,0.9887667113566186,7.726851438575608
B084S7BP3Z,213,9.74474392420809,22.020262014347242,0.9914751815284073,7.547138722594959
B00DOMYL24,211,9.205618052640796,22.150011082786545,0.9824079263610579,6.186865655978183
B07Z5DZM31,213,10.811519352192052,22.186362003438564,0.9770935333098353,7.730881012882572
B08VM9JN7H,200,11.175081887054443,22.231051919256522,0.9894073373581332,8.041579171447676
B0828BJGD2,213,11.525828688446904,22.27461972141265,0.9858452991062848,7.249876282292779
B072WC1MXT,213,9.523742567519065,22.424914429979374,0.9794936921304589,6.104423427381435
B0916TKFF2,213,9.931344793704751,22.507235643922836,0.9807181473712329,7.2729044374718725
B09VM2TBZF,203,10.383653315746137,22.517601485109527,0.9865682742292506,6.418857606927214
B00KZP1BUI,213,9.005414980140651,22.597441705621385,0.9800504032579204,6.744430356811717
B09ZVJR768,213,10.216141994906142,22.638231131170997,0.9821258257970149,6.739987482582066
B0C2F5KD26,211,9.54032533139414,22.700750902863778,0.9883759705150433,6.492214269606132
B0787WGCXT,213,8.720620780998551,22.87049653020426,0.9839462221345211,6.07380339718612
B0CTJR2C5X,213,10.073617864528172,22.941904846100115,0.985296272336557,6.873932835165371
B0CG19FGQ5,207,10.626965385381729,22.950911493613102,0.9896015958577675,7.530883821237958
B075LT8YLR,209,8.40615116420545,23.030861416784465,0.9873189765218711,5.590074441082778
B088D8JG3L,213,11.832676991476138,23.140805219012638,0.9749854978502529,11.280455823013904
B07KFDS3PT,206,9.346722308408868,23.19207045742689,0.9844566781408874,6.374039046551023
B0BT2V6KNM,213,9.922129446128165,23.239995989778226,0.9859456725451653,7.035581600829515
B0846VRJV8,213,12.10629592053767,23.34865485486381,0.9817365993601114,9.735102827894222
B0BYNVS3RP,213,10.657575661475668,23.364338096762495,0.9796553720853131,7.537701171035172
B07BDQQVN2,209,8.718334221817088,23.488819892591387,0.9832695884175413,5.381357756914432
B0DS2B3P2B,213,8.834723041516515,23.764318950119485,0.9749264755098405,6.414883089307328
B088Z22VYF,213,10.46362034793191,23.769910111445046,0.9781782666794417,9.971018496895667
B0BQZBMXD4,213,10.529737406627671,23.84640000004647,0.9887406093712741,6.268373424567993
B0BVVMVHSY,213,10.064638435113036,24.017144855501215,0.9697617320348142,7.142940966114236
B078MBL6KM,213,8.670957045846142,24.19723296569363,0.9868096019640419,5.998214082617857
B0BWNYBRNL,210,11.105413523719424,24.23405943983753,0.9785815532193307,7.478123265068176
B0GQVF4SV7,18,11.224438995785183,24.282518922330663,0.9660749748473394,6.946938490779203
B09YLFHFDW,209,10.623117359289141,24.32721146531095,0.9804655711633841,6.51155434466356
B07SHFPD8S,213,11.279009797270868,24.33511824473292,0.9809038634219929,7.580129736888253
B0758CVS43,213,9.420487689971925,24.352134166570444,0.9854526096119576,5.784726555469232
B0DTTMYBRH,213,10.946102315338564,24.400225304850107,0.9768370728655228,6.89852719008895
B071DGMNMX,12,15.60789136250814,24.488239602240558,0.9928297225507126,6.109084324661818
B0093162RM,213,8.277254166401606,24.57978951303792,0.9847585685109412,5.634170070323984
B07FTHL5PF,213,10.052936764121613,24.595389663895002,0.9806761766221785,6.843293586844658
B083BT3VXZ,87,11.512141825577306,24.60309985087597,0.9668809224514092,8.996236493450388
B0BGM5XPQZ,213,9.021165493889033,24.699182000354845,0.9759618262345482,6.0907572925733735
B0CPHW5JQY,198,10.002029602359038,24.70108841514917,0.9738267038738869,6.81287333707087
B08WJ26WP6,213,11.220416663801167,24.7190978365035,0.9774592095824749,8.289054183214946
B0CT9XTKKM,213,10.118223375311478,24.78087456326345,0.9860807933384181,6.433623356607102
B088KRPCQJ,213,12.892969428407193,24.81477768498787,0.9640786090629822,11.658622305365865
B0DHVH5KCB,206,10.442891711540593,24.845366897490575,0.9718387499838375,6.254793818528325
B0FCLJD9M4,205,10.78579942377602,25.00591499006347,0.9755816994568514,7.872673885309609
B0CDC6H66Y,210,11.206635893594651,25.156143515897256,0.9813955192807712,6.687436036877448
B08LF1F981,213,10.484548043354016,25.21600288607286,0.9865819583490164,7.548822654776194
B08L6ZYW21,213,11.071879143423876,25.342229713035014,0.9675614696984801,8.927622978187804
B0B5MC3G1Y,213,10.534016017645179,25.35109520420096,0.9808155106446753,6.499288645841367
B08D1VF18M,213,12.793143833858865,25.353309491298553,0.9843867219509405,9.772800925392948
B09LYF2ST7,213,12.80356711239882,25.39579999866909,0.9855030160938291,7.068140373981119
B0FDDJ2NWB,213,11.944837743911386,25.459016722137385,0.9712500047288612,8.550560821234725
B08G84P8ZX,198,11.387811702959464,25.482165051714873,0.9723907139460435,8.798922890549614
B0DN45YMP6,213,11.430559440845617,25.545411303107755,0.9742114802035478,7.244773722365918
B08D6R7GQ7,213,10.033473275771163,25.6746896096131,0.9676950804343918,9.60021634710017
B0CQXHLJ81,89,10.471976176486926,25.749585911268603,0.9654296765659414,6.006636638477613
B01D5H8JW0,213,12.054254649793599,25.751944241387076,0.9679557970350782,10.137106901481419
B0FG8XLBJ6,208,10.358348581882625,25.800724538275766,0.9770801156263671,7.601731279299898
B0FVXMHHRP,73,11.475687389635059,26.000153395543418,0.9707303995771486,7.579334295327792
B08HMWZBXC,206,11.384320670192682,26.100582663073222,0.9686212743718828,9.45449220705016
B0CCYKVVRH,208,11.440295736789704,26.134761501045094,0.9863413779060954,7.40116165670208
B0D8LH2VSP,206,9.877247691663722,26.38882507270075,0.9658221819151268,6.606462080089269
B092J8LPWR,205,12.458909179780541,26.55301749285442,0.9865204337183713,7.277646029720075
B0B1MGSLLW,213,9.645567998214506,26.561240057875576,0.9701692809095294,6.701062184333417
B0D5KKV2MS,192,10.390499920447667,26.634471560728628,0.9799446472911111,6.768926597404858
B07YP9FBMM,213,11.226173976575824,26.671171557497665,0.9729119802492022,7.134147831470148
B07J4WHNFC,213,11.232857289023242,26.69809065276299,0.9862601737870426,7.578417634275823
B0CNXKKRPH,213,10.322172876456534,26.75187983673969,0.9689933789311531,6.928780319904456
B0DGJ7HYG1,205,10.828596236996534,26.854987337922733,0.9794830996724279,6.307407480042364
B0000BYBVT,213,8.837320700990201,27.02636762705403,0.9865208405936302,5.333909400684899
B0BCH5H2R3,209,10.796843395871976,27.249414145318532,0.9718916157858047,6.28805537098776
B0DDM7PFLW,208,10.693094559816215,27.279072457559177,0.9687399123875436,6.714139210226517
B0B3MNRDGL,213,10.260870335986356,27.342685869580126,0.974920300134233,6.014419985926028
B0BQPNMXQV,213,10.218475088826928,27.40595220817683,0.9816906123014949,5.547090165515089
B07Q7DM9HP,213,9.78739644359535,27.529231749466913,0.9842825639706568,6.7192335638599765
B000AJIF4E,203,9.47309942696482,27.61278212941324,0.9890541575554017,5.086486582219088
B0CHHSFMRL,212,10.925412051722688,27.663011258914846,0.9723574707777157,6.659166297386625
B0863FR3S9,213,13.558808943788769,27.691878271150657,0.9717997499010291,11.570406755789609
B081CHLF46,213,10.936183659011771,27.713124211321915,0.9819250091674124,6.442812026317678
B07BB5FDS2,208,10.513799436734272,27.724724186017394,0.9854682767666314,6.302159370560275
B0D54JZTHY,203,9.57002557726329,27.75904972572116,0.9796635241636992,5.2962978049237535
B0BWPK91TB,213,11.441029943815419,28.013091013821974,0.9781268763612295,7.658118370753883
B0CJVK87Y7,210,10.056155655815486,28.073129228732363,0.9696972847623205,6.402711258331283
B0DS2DF5S5,213,10.161780296558506,28.100870737947353,0.966435094451133,6.798151867488365
B07N5MG9LP,213,9.691996144755905,28.20738000403688,0.9831794786768233,5.252670813680571
B0D7FVQ1ZB,213,10.147619855728506,28.250061091866492,0.9664157257137402,6.227891520399852
B0D826GXQ3,208,11.234969442991108,28.3248448602232,0.970631924779587,6.776265654886824
B082KJCR7N,213,12.357297929038463,28.404853888703766,0.9744248185494212,8.068940664269425
B0DQ74C7CX,213,12.419769266603138,28.517681588374643,0.9678056169360566,7.492332662721324
B0D637HWC5,213,9.218279666631993,28.726499400030157,0.9663337091704646,5.796189994693819
B01FHNBKYO,213,11.722349176720275,28.797048772574964,0.9786249436950898,9.941496014957925
B0DNZCJ93D,209,10.75239381014445,28.8614843890807,0.9728117533233532,6.448527295758619
B0DYWNQMQJ,208,10.334787310270162,28.872450749673945,0.9626518473632607,7.922862451334037
B0D1XD1ZV3,213,11.615808762921972,28.88341546202595,0.9787119588752194,8.17925095593527
B0CTKVLHMW,213,12.840644509758748,28.912067859082907,0.9834036455616617,7.394549345456511
B0CWXNS552,212,11.926827385920399,28.989767506011326,0.9692351654034028,7.920408576428652
B0BVWNK619,213,12.387804090025279,29.01534357954219,0.9851898603442466,6.493010209178552
B01JRNIWJG,213,10.485868352343779,29.132460969837243,0.9823508829399379,7.524072603749128
B0GKFLQ9SW,39,13.15011973845653,29.14426047150711,0.9773675589794714,10.16896078885223
B07431YDWM,213,8.48045021800368,29.150348270607516,0.9794657370678913,6.238860687103861
B0DJMFS75S,131,11.665887604342162,29.185195271064746,0.9706647296927795,6.950538455423612
B084TDB4HK,213,12.156611145270261,29.21924162783605,0.9817539859069184,8.535928119093404
B09XS7JWHH,211,11.351547796421142,29.343545868449826,0.9715889938020931,6.544371985821441
B01LW8V8CD,213,10.546833240974678,29.474619513809056,0.9818565561233522,7.748922314431864
B0CLF2DNMV,213,11.867396202803777,29.489530063418233,0.9656413983019312,6.877836132248922
B0D43WW8F2,213,10.161889700195598,29.706624017999406,0.9706029205503093,6.567587918462814
B0C6KFZC9Z,206,11.136748414548856,29.76475042013591,0.9813043402420359,7.290430756537683
B0DSG9VCRH,213,11.100389982232466,29.799109481053282,0.9699707579729956,7.0613544796212295
B0DMYQ32SC,213,12.481752539710818,29.863505299254122,0.972612423756731,7.968701469412083
B0D2PNH494,211,10.144906384436439,29.966358193908956,0.9610954939737829,5.965759928254317
B06Y4FJD33,213,9.472126835209663,29.97411286670266,0.9830168742898246,6.872624869183841
B0C1KPXPM9,212,12.425469291884943,30.007600007431428,0.9800826054865477,6.851951581061617
B0CK3XTZ2Y,213,11.083602417153372,30.039353011070652,0.9549152696341089,7.361500404225627
B0C6S6TPRH,212,12.348627037462197,30.060266297286322,0.9748830397812668,7.455283526033843
B001EVGIYG,213,8.203814044021104,30.369224040636535,0.9837385962432037,4.865420584904618
B0811Q28N6,213,12.733848335373569,31.104533187358506,0.9772551609242246,7.698142214894334
B0CF74G2RL,207,10.655408908180569,31.108258889040396,0.9583930975047811,6.784866156191331
B07WCNYGM1,213,12.878315256862013,31.2655437212203,0.9817085083335229,7.8402987195541245
B0D637HK8Q,213,11.04183528255409,31.32336478302086,0.9696895633429752,6.406592345842249
B0DC17VXTL,212,11.486673221228257,31.44881031334413,0.9682486128366283,6.76955768582318
B0B1J7N2F2,9,17.827135670979814,31.685831244724724,0.9409318296218019,6.949896952045435
B0CQXG17RL,213,12.245082872954892,32.01427209189645,0.9781572316652991,6.4257930709807844
B0CMC2FZFD,208,13.01126859637407,32.06860935223212,0.967758447478959,7.485678907756978
B0F3PQHWTZ,192,9.720602704187232,32.19733271849721,0.9536814374820215,7.07322347166653
B07H9RYVZ4,209,12.79915334692412,32.57782633313783,0.9844924729222826,7.7188518904242525
B01JB7ZU5M,213,12.3364421368093,32.92448804526724,0.9786192488467038,9.118543628115242
B073QNVQK5,213,10.861892853320484,33.17525599396331,0.9806580808588578,6.436577337612129
B0DYR3D7QQ,206,11.54510574822287,33.27646779005775,0.9605293717843336,7.079864729494958
B0D1YQKDNL,212,10.755823436233234,33.278005966892806,0.9604560942380042,6.480192402967477
B0DH3FV295,100,11.899970344734191,33.445241649041584,0.9714875033610791,7.466809088089002
B0DZL719V1,201,11.965559775698836,33.50317538465638,0.9472131199111037,7.703855095312701
B0DZ77D5HL,199,10.093076293025186,33.517044709932165,0.9511815111182353,6.577344027068896
B0787W458R,213,12.226174157639626,33.553692392343606,0.9669376332092385,6.781630320133833
B0797MY6JB,213,11.468469223237374,33.569795490422536,0.979966582687607,6.2718738431701695
B0CTBD4X55,213,10.047670484551801,33.70393313694794,0.971997035340662,6.2133630240939315
B0CCBXRYRC,210,12.583141935166859,33.86127321533878,0.9629773849361423,6.823336753621949
B0FHXY7VZ5,212,11.717999372842177,34.21544586384441,0.9668207024651511,7.486364314576104
B0FPZPF71Z,121,12.722614213454824,35.126322782335194,0.962547985735408,6.18891188677242
B0CFCQVZS6,213,11.75726388107443,35.186665137472055,0.9734698717098552,6.746116238466443
B0C29CMM4R,213,15.73174310890162,35.26922449807842,0.9678098810525985,8.253320915172116
B0734S1YBS,213,12.632341908289234,35.311473334027276,0.9741306827352796,6.806384839892759
B0DSK2MB15,208,10.554284211763969,35.3621118644315,0.9651597330839915,6.1900186123945495
B0DWMJJQVC,209,11.604805426346628,35.51777783311634,0.959818941206279,8.381848447604225
B0DWC512JJ,213,12.504696595187479,35.583581184733056,0.9359461993327349,8.45505535354213
B0CG6LMQHH,209,11.674667101864609,35.61684763265108,0.9506656218869401,6.586228397481625
B0FYHP23G9,74,14.308666719230445,35.68913593549437,0.9477497009170673,8.623443789724151
B0D8WJYSF9,211,11.700544673594253,35.79937405606854,0.9658416068237587,5.907960087167597
B0D9YZJ3V7,205,13.004635524842795,35.99985281586418,0.9697506890437672,6.6955980299251
B0D1XH8NJP,213,14.039080253475708,36.01982076001328,0.971127973385028,8.918984771361012
B0D1CPPL85,213,14.323754207628994,36.13984089948272,0.963251052289977,9.110384469019921
B0FR2XRSHH,183,13.021655226431257,36.1858154967524,0.963893580083983,7.635111617485395
B000JJI6XA,213,10.377776209423798,36.71807877773555,0.9864329081290785,4.871674915524755
B0CY6S748H,213,13.137080261427473,36.898727190405666,0.9502844421889438,8.057144362146376
B0D6WD2QSQ,213,11.588203680190682,37.081512084945174,0.9694006240287381,6.428860860090239
B0CVM2GJCN,207,13.353338679253765,37.42188456989205,0.9561654065172099,7.137439642968274
B0CRGJC5ZD,213,13.06220709500738,37.694480482013404,0.9719921090080101,6.425422477627711
B0FC5Q65J8,213,13.697172496509102,38.01305909850916,0.9603046160561635,8.685584333314731
B0GJTXVN9Z,54,16.63647758060031,38.19682674783943,0.9632839888263717,9.601927022462007
B0G1PJLWLZ,30,17.065485848744707,38.21554470621009,0.971692739034163,9.99172162262605
B0C546P8BQ,213,15.660493272682869,38.28279130606916,0.95567759106219,8.166185612990294
B0DVTGBCBL,210,12.9532623643421,38.996440147624845,0.9619135586961071,7.576488619637516
B0D3WGM8X8,213,13.789722139331653,39.02701873926727,0.9772834232547176,7.291385654579406
B0CL3P2YHF,201,14.45985025576691,39.04384095123191,0.9769966179499272,6.986477990789523
B0DCJRW7BB,213,12.650464424079571,39.05579396266795,0.9579708756002016,6.566380752222423
B0GD21577Z,79,11.467438622728178,39.05847417629276,0.9482928930645264,7.3918725059526595
B0D79ND3N7,201,13.639719220251584,39.22621035869674,0.9652725935024928,6.8284657826072115
B0DY8BRMM5,206,13.794044507869238,39.24169574205843,0.9531653314762479,7.547281102967079
B0F25BWMV5,213,13.09995694361942,39.28016389076511,0.9564922614534257,7.429251262755014
B0DCLRRHSP,213,12.335156996104638,39.347472594074105,0.9612851581035401,6.656830054253775
B0DWGS5977,213,12.34031206462305,39.390233385069976,0.9516375077037029,8.241952135788425
B0CT9MB4WR,213,14.117368313337158,39.693825784260554,0.9703618786775997,7.20699809320475
B0G31P119K,76,13.296127396884714,39.734131800737714,0.9218550758332502,9.534429454279811
B0CT3SGHXL,213,8.8670936128679,39.76554483232934,0.9556593635426385,5.256284403554013
B0DKL298QX,213,12.965809941000783,39.77657790541147,0.9650981402069392,6.473718306920582
B0FQPJXQB3,175,14.446362840815954,40.21398278212954,0.9366314275375932,7.802019194700262
B0F6VCDJM9,213,11.494864712567397,40.49352796674403,0.9571210623026871,6.296052184706556
B0CTNWBT1Z,213,10.032838888302653,40.5003283666695,0.9484016354100099,7.751964833938447
B0FDKR4RVP,209,12.86738128516092,40.586120896862106,0.9555874213422944,7.938762673033413
B0CTP56C5R,210,13.82312003281003,40.66482266174376,0.9373758019953543,8.96245718468957
B0D2FSYS5J,209,14.876181882374594,40.67347696793961,0.9733061848407641,7.550905711087872
B0F53L8J78,128,12.932648742347954,40.71934388356485,0.9431952608634888,7.0591708585757935
B0DW97VBWL,212,13.068413566283459,40.97298065000859,0.9583276597139263,7.925833293029773
B0DT3YMDMZ,212,12.699016834025112,41.03671202169679,0.962366543653709,7.27274252987144
B0CLWSGNS3,213,11.729693074651726,41.254221791362774,0.9560290413177828,7.352737239752978
B0CF2QYW8H,208,12.788777287648276,41.43465737775331,0.9612452921753184,6.848964193563828
B0C8PR4W22,213,12.738770949941287,41.58800923482613,0.9728341687329494,7.120337708597176
B0CNCHLR56,213,11.361298903165288,41.91904364693603,0.9586618534221523,6.154272590303793
B0D9R2KDY9,213,12.567276385132697,41.956210603037285,0.9553386040847932,6.618964435263927
B0FNQ4B2Z2,171,11.430658663811041,41.97268623382979,0.9603318922651626,6.604711296623457
B0CFV9XR2Q,211,12.675014903172498,41.99205543805174,0.9644984694151811,6.961433084303857
B0DGWNRBZJ,208,10.83981297492981,42.00794208495486,0.9550229112636449,6.732467994952823
B0F8XV7MPP,130,14.759799664130577,42.039263889493114,0.9173026023445062,7.853488875658983
B0FD5GJ9Y5,206,12.888989739464323,42.1268220098636,0.9582465162830618,8.43334467836735
B0CGXYM9TP,207,12.042387936909991,42.332853968875234,0.9632434901103104,6.481692927292627
B0D3J85SX4,213,10.718571429364557,42.33714791412287,0.9545245666302506,5.496933632176005
B0BQPRV3NJ,213,10.804091466088808,42.53983169961786,0.9651184586480185,6.4460410490119235
B0CCZ26B5V,213,13.094142522229834,42.616365002090205,0.957165050746083,7.481781265747359
B0DGHYQ1VJ,213,12.595016268967463,42.618076692295936,0.9571430021161977,5.9823069357301035
B0DYD56G2Y,211,12.747581087989266,42.80425243260628,0.9542328320543041,8.610703593359869
B0DM6S4FMH,213,11.484864919510244,42.85414276254408,0.9565835144760685,6.8688117125935335
B0D7QTSXY5,206,11.689505511719046,42.96786356838283,0.9579400319357879,6.5362296631089984
B0DMHV5BG9,207,14.106846244277586,43.01127060369634,0.9589671943628899,7.2917911387185255
B0DJWQ1FV1,213,12.274456019871671,43.084250549212825,0.9547238498065782,7.163321872036196
B0CG19QXWD,211,12.002394457450972,43.378515001324246,0.9674837236274351,6.570813254313114
B0D6CKL4HV,212,11.167318876734319,43.44620551003493,0.9482228368127451,6.052518698124289
B0CRT6HQ82,213,11.287515164496192,43.46360177520846,0.9532433307268872,6.837795447445203
B0CWVXTK6Z,213,12.438401923560198,43.650559120877205,0.9679319658512243,9.042152215957888
B0BF6T86WD,213,11.256869360516326,43.65308698407108,0.970454505683147,5.8693709511633365
B084SDXVBD,213,14.433095237660297,43.7163608005641,0.9574067494040621,9.594037505076788
B0CP4CG1ZB,213,12.102390532336884,43.73885709779893,0.9592450651578804,6.274155669110984
B08YDW8HKX,213,11.87738626748743,43.86255663848473,0.9470367379272677,6.929349440167896
B08PJ4KQ1G,213,11.952309376622587,43.88652815387522,0.9691630020412819,7.269603277882139
B0C1HGKNG7,213,12.039157219918122,43.89540003276061,0.9586742060271165,6.264433991536434
B09BKCDXZC,213,12.177095373270095,43.96542294363313,0.9682028623142432,7.010172635478002
B0CL9RXRVX,213,13.05828515800512,43.97451110261399,0.9583016307961036,7.149037847963113
B0D9WWB3WX,213,10.834807888353373,44.0679134190274,0.9437231785788648,6.135078678391098
B0B8PDHRWY,213,11.471212953110816,44.12051561027149,0.9678200347599114,6.174550257869916
B091BD6KJR,213,11.658397678679702,44.247259868985346,0.9466595541063028,7.2397150909136485
B0CJYL1Q9S,213,12.75257525941016,44.270864812377276,0.966118013873741,7.076426793816686
B0BVSXY216,213,12.261960112253828,44.27465319497828,0.9696749426711795,6.383362884405639
B0D1XKVS39,205,12.834796455755464,44.485655684115315,0.9534827852063184,7.827476485653068
B0CQF6T2K1,213,11.812071993115921,44.52180198376265,0.9507884885040561,6.341370353901413
B0FKW2NYJ5,201,13.878395740357206,44.651719225879035,0.9509300242926381,7.680280159972163
B09ZWG648V,213,13.305148248896353,44.66699824067863,0.9684901024168506,6.681885011039054
B0B2J7WSDK,213,13.407440741633025,44.80500142087317,0.9670261626806067,6.714371920908324
B0DVZY44YR,212,14.262840034106992,44.83762356277928,0.9590331886284579,7.078935826846775
B092RCLKHN,212,13.327423170377621,44.884963842149396,0.9687708594989188,7.493597485610283
B0BX4P4MT3,208,12.824207634834142,44.93076637367159,0.965682864165015,6.46843992622358
B0D526GSYY,213,12.678082327148724,44.947252589501,0.9493085372048433,5.73960529253628
B0D6354JRF,210,11.400209022885274,45.01087191353326,0.9521894768430865,5.8997422743379015
B0CV5T2YG6,213,14.334253130362066,45.20456315132591,0.9672650734848005,9.09744293798022
B0CTBCDD6D,213,13.625448892172512,45.224823319223965,0.9564421236092062,6.880793797980968
B0DJV4N98X,213,13.063460879795988,45.52235627931561,0.9585239823604249,6.793865240730239
B0CXPR5412,196,14.20861894928679,45.71700690478252,0.9576495482258661,8.82013994919232
B0D636SL59,213,11.588430382276364,45.73237720169357,0.9614846251583383,5.953524973414815
B08NLCW9WY,213,11.43092400770232,45.754686222216854,0.9664312048140777,7.354325718000017
B0BW9QKYZK,213,12.711332419131281,45.77441460573667,0.965277473039398,6.555040664739764
B0C6LSD69F,213,15.199495459095411,45.78509370041704,0.9588933764439243,7.51188082140086
B0DXXYS4BJ,213,13.565922202437136,45.78778225721962,0.9541878945717828,7.355509421945286
B0DS2TCW9L,203,13.334911640054486,45.819638229859336,0.9539176647225923,6.750859304304916
B0B4MWCFV4,211,13.89450755449268,45.85166342884979,0.9697995513825447,6.410034695392685
B087KG4C1H,213,15.981900411704334,45.86166539197003,0.9664665303396985,11.36928936532835
B08KDZ2NZX,213,12.924341301985189,46.192354965831285,0.9516704045425846,9.16488791383294
B09FP4H99P,213,13.669410719625265,46.53687902840414,0.9583149499641318,7.305928474804197
B0BTYCRJSS,209,13.0036627951079,46.53767016717334,0.9639711375169727,6.257752118538083
B0BW43GXM2,213,13.979144269916372,46.56531573699504,0.9529646661194551,7.302410643459625
B0D2XRXNGY,213,11.35360766298894,46.760263364348674,0.949186959294968,6.061171756890557
B0B4MV1TGL,211,13.072353609274911,46.82577425481821,0.953908992453069,6.978666113854175
B08LCPKS6G,195,11.870620250799714,46.8320388097061,0.9462440569514238,7.7059707454336355
B0D8BZDPXB,211,14.10289903351481,46.86373914881957,0.9468097898436818,6.6227245960563685
B0CPNYDXQL,212,13.800509774999798,46.87791288284665,0.9626994627335003,7.157460578320269
B0B1LVC5VZ,213,14.853156939403549,46.96852134985177,0.9683116977595767,6.767569976966619
B0D63657GY,206,13.823119303416279,46.992311257597414,0.9563625624291595,6.499570792292092
B0F5VLWQY6,211,14.60782739205383,47.009734039604446,0.9524494504385778,7.029971620613387
B0BQPSX5CR,210,13.506184836978,47.151296719648734,0.9574317537424092,6.754559638773867
B09BF64J55,213,14.210548119074861,47.252499942606164,0.9562209698933224,7.094991235704545
B086WTSMQH,213,15.974471848984837,47.29026784398586,0.9476886839380129,11.61013587837206
B0CHN2D8KM,213,13.98175158666333,47.39320687516563,0.9638358740883417,7.2077957883117145
B0D1JNW26R,213,14.386042387519085,47.55922700406772,0.9512754657855995,8.366127283601378
B0DCLFYFSR,213,13.326108669585462,47.562968054042294,0.9507630006912995,6.345029339159942
B0DR9LFNGX,213,12.67654033248973,47.5810603892375,0.9546151444561413,6.603142744740288
B0DCKHXDC3,213,13.540261208082027,47.599848035627474,0.9479269693259184,6.950191112404905
B0DJFXWNT7,213,12.646792465711423,47.82319692356201,0.9679411026144155,6.606190273345959
B0CKLRY533,212,14.296545124683737,48.05025734211273,0.9526122490634301,6.680868491605647
B0FQFB8FMG,192,13.245278471708296,48.19660444758441,0.9528078282222158,7.344610434271946
B08WM3LMJF,213,14.499262194297678,48.27792681503989,0.9678056614549139,7.416398104732176
B0D9R7Q449,213,14.627699227221136,48.40248708734044,0.9498171604474456,7.049009726551804
B09FT58QQP,213,17.801483883298058,48.67899369067693,0.9659388552390122,8.69093304643524
B0FCFJ7W9H,206,14.56924191178627,48.69702420284086,0.9499693170882786,8.129361368245561
B0BS1T9J4Y,213,13.902552576915756,48.79969473348559,0.9603561183477501,6.5704395879585835
B0DF44RTTP,209,12.724428404027764,48.85245211505404,0.9589477885437059,5.867230991403009
B0BRTSY1N9,205,12.988626341843021,49.02329319574533,0.9459794540349244,6.852517721282239
B0DT2344N3,213,15.100744225766176,49.03481324381066,0.9545032299615226,7.278128449449691
B08PZDSP2Z,213,13.272474421111628,49.197327969734076,0.9441067884720135,7.0925314536677035
B0CDH415QV,206,15.108168270888836,49.23269525938267,0.9661992084948192,7.656500074812113
B0D9MK23S7,213,15.894100397136848,49.44617747828264,0.9519889341780825,7.311043418601389
B088F7SY6S,213,16.861131598154703,49.632532146813155,0.9660391437083331,11.037623895252338
B0F2M65H3S,213,13.367189140946653,49.68921677711879,0.9358733698687076,6.557066296463152
B0FL9Y93H2,213,14.80634787313255,49.84045228648147,0.9455164867812211,7.849004752129295
B083M8DP6X,213,17.104292478874815,49.89201933172861,0.9691721562061577,9.22064391670154
B0BS1PRC4L,213,13.442277076076453,49.98215737517482,0.9556692315739735,6.245607310351236
B0C1QWWZR4,213,16.00483651676088,50.05970717307993,0.9471987968133393,7.303649824224758
B0C1Q9QDQP,213,15.77432037281878,50.308059657467716,0.9631491725021816,7.034402389714957
B0CT9PYXGY,213,13.083741445765247,50.71372720403694,0.9445853610788931,5.655081493201084
B0DRM949PC,213,15.91373370506394,50.79331946218542,0.9601005990021386,7.220132453174889
B0D1XNYKD5,199,14.330880308103318,50.930946043521324,0.9450418028171583,6.654719392001492
B0F1GF1KFC,213,13.43669463018856,51.22298749918539,0.9499149257934695,6.440755183270364
B0D1DFRKNG,213,15.198712134294105,51.76374276103832,0.9366397490118841,8.093850249587922
B0FLL354M2,213,16.192521093664034,52.21965146462388,0.9371015782991768,7.030849534602858
B0FDLD34V5,193,15.680126701908405,52.56072313931287,0.9415956810054581,8.858164955645865
B0DN2ZCZX6,213,13.740451395007925,52.89675074526905,0.947600449077256,6.7844279652616875
B0G16CYYMV,126,13.891789563194152,53.17383441954963,0.9488895304677165,7.4297697441784925
B0F7NY3VLM,211,16.74837438393543,53.25341936356684,0.946012025863454,7.136935808743446
B0FT21HKZ6,162,15.801750257986566,53.28336891087333,0.9502825369417789,7.594778344680557
B0F25C5257,213,13.990944885468817,53.37675147237444,0.9406730566407253,7.064875813641422
B0DPGK6XQ6,206,14.677539883400629,54.66769880570314,0.9429845420573667,7.616200276118147
B0FFCKFWQX,213,15.387401085616276,54.86344014497273,0.9413327544961645,7.626990651702014
B0CTBF4MKS,208,16.331620720349825,54.86958737997566,0.9456234140923235,6.818255956243205
B0CSXV3GK4,206,16.316894391624675,55.25046974061075,0.9585875724598892,6.652320778625083
B0732MD43P,213,12.351360541867537,55.32705958435783,0.9478711034512617,6.464890447841796
B07TZJ1CMC,213,13.220007190346156,57.11703020785508,0.9334003784397578,6.297901032118064
B07NFTCZZS,213,12.827324259672928,57.23228415437246,0.9336976128868296,7.556465273936806
B07PXGQC1Q,205,13.024438714655433,58.34439783270065,0.9313734620037856,7.421406339637733
B0FDSLV3B9,213,16.184329354460814,58.49610329105498,0.9417304039280872,7.265977833584518
B0DVH6N98L,213,15.341747755758076,58.62223264839258,0.9428147074103116,7.318485831414251
B0D83J6JJ9,206,17.306475608696054,58.82428732296927,0.9586393309043854,6.456725831124816
B082FJXVW6,213,13.719561998519541,59.30500654247143,0.915378587425726,7.240667177317241
B07ZYR8F2W,213,16.28404296534722,59.46379058248321,0.9423365740548693,7.218638488126611
B0C2Y6WXJ7,213,18.667317298387697,59.56114741716638,0.9604566783075966,8.017327203432293
B0FP4SCNWD,199,16.38032296674335,60.071060161799494,0.9349235613984642,7.379872874085357
B072LNKHBB,199,13.406681379481176,60.241242226772,0.9505184503882156,7.178672504221632
B07QGXSFKQ,213,13.283790122645561,60.41502727438314,0.9273201535185066,6.5810981814543865
B07SHBQY7Z,213,13.572026999478048,60.47111283276782,0.9466731905887567,6.806466756383976
B0FTT4VH34,136,16.24824606432634,60.62251411545528,0.9327276511364105,6.8281865810195495
B082WG5VTK,213,16.206609292813866,61.06432243739589,0.9456408257980358,8.110030132097329
B07Q1GHB5X,213,15.137055672658999,61.53958262280745,0.9498277173384403,7.249929753516689
B073QX1ZMS,213,14.575333016982102,61.660320517235974,0.9216422907963655,5.206613274094834
B07Y9FPW21,205,15.486888908479273,61.781246975682194,0.949929134905321,7.265185933456624
B09Z6Q2MLC,213,13.063381755810948,61.81656924240561,0.9430374977169438,6.616332788308718
B07N3WYLKZ,213,14.829547889243829,61.879087636282016,0.948523870863317,6.818802180821089
B07TCKLJ5N,213,15.14840078174788,61.916443918335446,0.9449722956972273,7.017582748401025
B07Z7YMQYT,213,15.088353101434842,62.102849150415814,0.9496286644374254,6.869274010792077
B083JKSSR5,204,17.852163757623412,62.16988538784558,0.9058219252042925,10.898449797285993
B01KBEOL5E,213,14.684532548340274,62.644702829712216,0.9145934225587576,8.395600145520278
B081QPF19F,213,17.387181515223542,62.81160373724514,0.9479432919563576,7.086105787426041
B09YDS8BHK,213,14.513554493362356,63.39047324089105,0.944906157510967,6.263247161375468
B08GNHJB6X,213,17.06495984619212,63.742636219701296,0.9502053694015061,8.631617739255182
B09PSKG7C3,213,13.911565797743101,63.80015060809704,0.9196576673364327,5.927468242329322
B09HC5GRKY,213,11.585889856669823,63.85161810456429,0.9318963382323808,6.335366609182873
B09QT1Y48G,209,12.78439513877248,63.96014527388644,0.9369681113340038,6.284388158160952
B0DYVRJJY4,204,17.20954676656162,64.00415324510855,0.9433437377628932,6.753141817261814
B01J6XXR38,213,15.347221721505893,64.05534823105754,0.9249539907916824,9.020752548956805
B09VMJM5RD,213,13.626433179165835,64.21167827963455,0.9162677757853118,7.079149933889801
B071J1BPHW,213,13.754425468713464,64.24318332364636,0.9207371955675985,6.318754635292303
B09M94KXPN,213,12.893639454998318,64.50060956022537,0.9363263723396305,6.989999665142448
B07HKQ6YGX,213,13.003705784345458,64.78740884488933,0.9223798699524218,6.4972766509770725
B09SG2Q23M,210,15.348733468464438,64.93521806779036,0.9402243423627051,7.384007552612255
B07BB8LSM1,213,12.761451090870887,65.3227583828753,0.9156085428352498,6.377278776611448
B01MFCFKG5,212,13.806070923355389,65.71452077642898,0.9383182703064544,7.180951286549833
B01D5H8P0G,213,15.28146928366361,65.7672995143384,0.9220102892071468,7.980534656336133
B07KXSR99Y,207,14.068713545315507,65.8495471262572,0.9165118691984213,7.411208983798427
B01CG8N0H8,213,15.3766645260484,65.90906103643738,0.9076193767070763,8.449390895037457
B07D8M5DML,213,14.250821997145529,65.91080485212662,0.9146310227048526,6.383819899064321
B01HGM33HG,213,15.416055781404737,65.95541787692034,0.9098922376109092,8.704693626779719
B0797LMJF5,199,11.84934076596744,66.29341450909162,0.913047028920146,5.905789989450186
B09JL41N9C,213,15.876501503886193,66.75677697658573,0.9265387692009539,6.652810626539951
B07HB8V9LQ,206,14.339151441055591,66.98551163963127,0.9175426544473145,6.327637532075634
B07C2Z21X5,213,14.401326881731057,67.04028899203973,0.934101222399681,7.430100429187431
B07889DGLD,213,14.372611280539784,67.07596249841399,0.9388457494445429,6.153572205820376
B07FYXRH99,213,13.8179498265047,67.4031235568557,0.9334710894881225,5.9352056500428745
B07K1L5N7H,213,16.051399202570668,67.59872202411668,0.9372331760978476,8.141753407353763
B01N0782B3,213,13.605031387794742,67.70001726743853,0.940451926909541,6.15002546523349
B078XR8C15,213,14.907378616601651,68.53190877754898,0.9220536572537107,5.480644095693411
B06XKPQ6YZ,213,14.67043997876521,68.8636640430085,0.9385137115168315,6.331103489788473
B075F6TB7F,213,17.51592419279573,73.10940267199135,0.9213856669991747,6.184862725872703
B010OYASRG,213,11.721585721656188,76.326736321428,0.8881663571279947,5.119211852796406
B015PK4IAW,213,11.762930535688085,76.87210730012276,0.9005632405972482,5.114669466077544
B002QPZXH2,213,12.039248721163036,77.04767946158326,0.914630290502701,5.505994681417461
B00SFSU53G,213,13.576876961793138,77.48679778503259,0.9066332925546758,5.464940384371726
B00NMJTEC6,213,12.832916234423855,77.60975754902319,0.8984235514928145,5.606335824081756
B00NKYYMAW,213,13.43346185540929,77.9547832708379,0.8918353289244625,5.899555728657159
B00QOOZ4DE,208,13.105582061730896,78.45719392325832,0.8932479176244295,5.815077212255455
B002NU5O9C,213,12.104510655738936,79.77807475011323,0.8873826120060411,5.515019728439336
B016P0BVH4,213,12.523881405037892,79.93367644980458,0.89161098727348,5.2188757698547485
B003L1717K,213,12.89519343980601,80.21556165516618,0.8602134853433059,6.346747741398677
B005VULXA0,213,12.30250229705667,80.52013559410007,0.8791928143838735,4.493965515738969
B0170RBJ9Q,213,13.681469060423225,80.9965094702082,0.8785390207447178,6.8169236497832895
B019Y7VLUM,213,13.736236660379756,81.04771927313887,0.8842853364129931,7.128690144994511
B0GN4943CW,32,25.681922838687896,82.29886486332386,0.9372895778166157,7.040774909960912
B00NBC3IVW,213,14.582950112159262,82.7431376969061,0.8810944953703747,6.876053360591363
B074CFGG8G,213,17.35420759559237,83.81841013053564,0.9138098874041836,6.530365571293817
B0F2KLX2T3,213,16.08640223167312,84.09327220530186,0.8087006433511962,7.11427881304104
B0F66MS88R,212,15.454064445405635,84.18559747894926,0.8218356977192584,7.655189249751778
B0FDKR293G,194,19.590631609159644,87.67216844069594,0.8355566489459979,8.951058324550718
B0FF5JJ3CP,198,17.281954085321136,87.88733894004956,0.8377176372116328,7.7782449814399275
B0F38GK1QZ,213,17.737213825261648,89.83683145301374,0.8645113300307623,7.329710109036555
B0DYJWL6QS,213,17.479007685218058,90.76136282812178,0.8528588313579265,7.5518563745622425
B0F7M3HPBD,200,20.263337568473816,91.33825715368879,0.844870753113855,8.979267029196155
B0DX2LNZ68,206,17.91980338004029,91.47161667017242,0.8205251177865092,6.515874334638284
B0GLRBGV3J,40,26.018224149703975,91.65876878823403,0.9324653902558887,8.09774356935199
B0FPGQZTFB,173,16.214979722348254,91.88714557067746,0.8225567749768924,8.138433125444914
B0DYJKTHYF,207,18.555439652244825,92.18442976940767,0.8466764124583182,7.231271302971569
B0FQF5BZ8Z,193,17.927652368594945,93.03324602894035,0.8619665694234636,7.678793551344129
B0FD4CM9SN,198,21.24759497353525,93.57551975826527,0.8400333760676866,8.802859665517246
B0FC3XV5DK,209,19.49823193043613,94.37294169057748,0.8534182230121545,7.583136976809259
B0FCTHXNC5,207,21.944143862793414,94.39349284076638,0.8596446911412904,8.837279584472558
B0DWCRXZF2,204,19.781610464114763,94.54828642256778,0.8736419929188031,6.737903147764403
B0F7S243MJ,209,19.93081053902658,94.9868189575482,0.8805531382799806,8.453460474976174
B0FJWQP6LX,213,19.546709856293013,95.25483969866994,0.8543588447777501,8.076911889840158
B0DXY833HV,213,21.05684705814845,96.483047580029,0.8751031734264095,9.375416420587996
B0F3MMK1J4,213,20.791764227101503,96.67096866195764,0.8690520760345383,6.485804538247278
B0F5RHB9MZ,208,21.88092789356525,97.2211699020973,0.885641152803297,8.315284123194132
B0FR2Z1S6L,184,18.598050407119416,97.66170017320573,0.8483665945035066,6.911162346580575
B0FDDKHY1B,200,21.860611062717435,98.0117217645485,0.8793537620881458,8.184516587386284
B0F1GY8F7F,213,22.76776452140629,98.38160392628546,0.8840108171757141,6.373906687378407
B0DZ743XN6,202,21.587959889893483,100.11651232183593,0.8721291428352186,7.499626272442598
B0FTT4GXK4,136,16.83591139330583,100.67303055293159,0.8270593992826265,7.139226742720107
B0FWCXJVHN,158,19.512483123586144,104.71671339609385,0.8428444295006633,6.936102576259508
B0DZ54SVWG,109,22.536698706915622,118.62349362194605,0.8002232115326668,5.987316967198788
B0FHL66FPY,213,24.70754889080782,121.0927556320188,0.789524243382285,8.024004778410625
B0FNWCYLZN,93,22.452883011807675,125.2300748518227,0.7734009747990633,7.228589346766196
B0G49SZ24N,96,23.838998830914495,125.91878824538534,0.7411161990203674,7.742695125221151
B08B6FMPTP,21,45.99989049457367,126.99471471423837,0.9235011834601807,8.957392901075204
B0F1FR8V1T,59,33.496735901590114,158.38387043521467,0.7549482707927513,7.56261897699218
